city,total_pop_downtown,total_pop_city,pct_singlefam_downtown,pct_singlefam_city,pct_multifam_downtown,pct_multifam_city,pct_mobile_home_and_others_downtown,pct_mobile_home_and_others_city,pct_renter_downtown,pct_renter_city,median_age_downtown,median_age_city,bachelor_plus_downtown,bachelor_plus_city,median_hhinc_downtown,median_hhinc_city,median_rent_downtown,median_rent_city,pct_vacant_downtown,pct_vacant_city,pct_nhwhite_downtown,pct_nhwhite_city,pct_nhblack_downtown,pct_nhblack_city,pct_nhasian_downtown,pct_nhasian_city,pct_hisp_downtown,pct_hisp_city,pct_commute_auto_downtown,pct_commute_auto_city,pct_commute_public_transit_downtown,pct_commute_public_transit_city,pct_commute_bicycle_downtown,pct_commute_bicycle_city,pct_commute_walk_downtown,pct_commute_walk_city,pct_commute_others_downtown,pct_commute_others_city,housing_units_downtown,housing_units_city,average_commute_time_downtown,average_commute_time_city,pct_jobs_agriculture_forestry_fishing_hunting,pct_jobs_mining_quarrying_oil_gas,pct_jobs_utilities,pct_jobs_construction,pct_jobs_manufacturing,pct_jobs_wholesale_trade,pct_jobs_retail_trade,pct_jobs_transport_warehouse,pct_jobs_information,pct_jobs_finance_insurance,pct_jobs_real_estate,pct_jobs_professional_science_techical,pct_jobs_management_of_companies_enterprises,pct_jobs_administrative_support_waste,pct_jobs_educational_services,pct_jobs_healthcare_social_assistance,pct_jobs_arts_entertainment_recreation,pct_jobs_accomodation_food_services,pct_jobs_other,pct_jobs_public_administration,employment_entropy,population_density_downtown,population_density_city,employment_density_downtown,housing_density_downtown,housing_density_city,median_year_structure_built,median_no_rooms,%Liberal-Leaning,%Conservative-Leaning,%Other,days_school_closing,days_workplace_closing,days_cancel_large_events,days_cancel_all_events,days_stay_home_requirements,days_income_support,days_mask_mandates,winter_avg_temp,spring_avg_temp,summer_avg_temp,fall_avg_temp
Halifax,27888,405118,14.491298527443105,60.92915014652645,85.57563587684069,36.85858759983911,44.77911646586345,37.87565362293858,82.25751943224063,39.70672635445362,36.8431500808467,40.731404958677686,51.08359133126935,29.010732686714796,37395.013098544696,57501.84550712122,828.8463031170177,442.3932369829288,17.131782945736433,7.524432907051434,63.78105590062112,69.50604144493833,5.221273291925465,3.1265260126463406,21.21506211180124,8.421711638389782,0.07763975155279502,0.017529581168221373,31.356560415122313,77.71497263287125,15.789473684210526,11.770423039541665,2.7798369162342476,0.9412246150698245,48.739807264640476,8.097600900301806,1.3343217197924346,1.4757788122154523,14940,174030,23.569444444444443,28.035586369218173,0.19675356615838663,0.4426955238563699,0.24594195769798327,3.541564190850959,1.8199704869650764,2.1642892277422527,9.296606000983768,1.574028529267093,3.689129365469749,5.509099852434826,5.804230201672405,17.06837186424004,0.8362026561731432,3.984259714707329,1.7215937038858828,13.52680767338908,2.6561731431382194,11.264141662567633,10.772257747171668,3.8858829316281356,2.5773198719226516,0.010995175687821886,0.00016434352094577698,0.0008015344296235619,0.0058902726899045825,0.00007059845020510954,1974.3017851128327,4.1194779116465865,87.86%,8.61%,3.54%,375,175,214,736,40,667,700,31.71666666666667,41.88333333333333,64.55,53.81666666666666
London,34468,394162,27.727272727272727,66.8812889314806,72.19696969696969,33.082774317201725,41.64141414141414,28.878174413033065,69.79560938682816,39.19262650746626,41.480376000928395,41.12275042444821,32.23085827683148,25.186130937730738,36145.7414391399,56758.26784761915,657.3683681630542,426.5497735324259,16.328857360020265,6.984475231646471,77.46628277011668,70.3838087518174,2.106379754508259,2.575880392686661,8.6225185634187,14.501872080904773,0.030307622367025305,0.0771992125680318,60.4989604989605,82.9958140061093,14.90941490941491,8.946147754270845,2.4057024057024057,1.173775313949542,21.205821205821206,5.8886751895010745,0.9801009801009783,0.9955877361692398,19800,166960,24.73105497771174,25.76905677448541,0.09555661729574773,0.1433349259436216,0.1433349259436216,5.351170568561873,1.9589106545628285,2.2933588150979456,11.275680840898232,0.7644529383659818,1.6244624940277115,6.402293358815098,6.593406593406593,19.78021978021978,0.8122312470138557,5.016722408026756,1.6244624940277115,15.33683707596751,1.767797419971333,8.838987099856665,9.794553272814142,0.3822264691829909,2.450076764172908,0.00685334548676826,0.001143146105915281,0.0004161556256181376,0.0039368759614138195,0.00048421632182609,1980.5613326602727,4.739671717171717,60.42%,35.63%,3.94%,529,496,365,718,127,802,772,28.483333333333334,48.65,68.95,53.56666666666666
Portland,1036,1138313,0,61.32365352627396,100,37.15841397563114,0,1.5179324980949027,89.32291666666666,44.14281338723447,43.5,38.019911922292025,19.1129883843717,46.82076218093077,20593,75643.5244471424,631,1278.8935380690548,0,5.697880220581608,55.4054054054054,70.64673776017668,15.250965250965251,4.169591316272413,2.8957528957528957,8.144157186995141,15.444015444015443,15.444015444015443,3.6585365853658534,72.73741732718864,38.61788617886179,9.878765974527363,0,3.8651985563174436,45.9349593495935,4.354198554651912,11.788617886178862,9.164419587314645,384,488164,0,26.496473677063058,0.2539506515109509,0.0011089548100914888,0.698641530357638,4.1652342667036315,2.3310230108123093,3.0962018297754366,5.571388965899639,0.698641530357638,5.9661768782922096,9.99611865816468,2.1702245633490436,21.585805378430827,5.645688938175769,5.995009703354588,2.4485722206820073,5.619074022733574,2.18242306626005,11.198225672303854,3.056279456612143,7.3202107014139175,2.595833580968594,0.0016097679976257476,0.0012927519078869034,0.14011663048832218,0.0005966707635987327,4.3609862369011943e-7,1948,1.3984375,68.76%,28.09%,3.15%,427,400,410,471,89,538,792,43.45000000000001,53.06666666666666,70.56666666666666,57.75
Las Vegas,42592,1194541,26.560381758039153,63.08389060784509,71.5687869421398,34.020153375253685,1.8708312998210508,2.895956016901221,81.99894305720703,47.46403986069775,34.29998591284748,36.96178197315957,8.219663418954827,21.608827054676073,25310,57255.57384635605,737,1157.7493782130541,17.91117618350415,12.944987856406161,19.19609316303531,37.690627613451525,15.582738542449286,12.771348995137044,3.1156085649887304,6.754226100234316,58.0273290758828,58.0273290758828,75.37606278613472,88.11966720962472,10.052321778940485,4.011172621479869,0.8240680183126227,0.2572986810410614,3.649444081098757,1.3236235266898404,10.09810333551341,6.288237961164507,18441,480912,28.18059480554434,26.725506509424264,0.019799128838331112,0.0017999208034846464,0.008999604017423233,1.5443320493898267,1.0763526404838188,1.9385147053529646,12.300658771014076,0.9971561251304942,2.0231109831167426,1.299542820115915,1.0583534324489723,5.4717592425933255,0.8963605601353541,2.555887540948198,0.25558875409481985,3.3892508729615898,4.015623312574246,22.75639871845639,3.320853882429173,35.069656935094855,2.050998082856071,0.0030744346380912864,0.00018392415834939666,0.004010364378828787,0.001331133761294173,0.0000028393712766001536,1976,3.399978309202321,53.66%,44.31%,2.03%,417,281,190,434,38,537,709,46.4,66.2,88.53333333333335,70.33333333333333
Detroit,7150,1179021,2.93140512018761,75.42291999506283,97.06859487981238,23.855104158879886,0,0.7219758460572956,87.47067104645706,46.27783086741138,32.2,35.79340825990377,53.61570247933884,19.75420060736672,64509,40034.95602877303,1380,911.9172559267392,16.709009185069377,20.865154104379663,46.027972027972034,31.485783544143832,36.41958041958042,56.686776571409666,9.692307692307692,2.515222375173979,5.160839160839161,5.160839160839161,57.976298997265275,87.08719036503865,5.446672743846856,4.303604235264881,1.2989972652689152,0.5535931412139554,28.30446672743847,2.66013153106778,6.973564266180485,5.395480727414732,5117,575227,19.618898773743688,25.083241879853183,0,0,4.540858244327877,1.5273125618824916,2.6775369188312372,1.9381069750784723,1.5294191998988813,2.136130948619099,2.7059765320524973,17.478775621984873,0.7952558511870905,11.135688554635657,8.19376856474752,5.870146832669743,1.7727358907918853,4.206956118730119,3.9299332195748806,12.305925972740104,2.2172365122501003,15.038235479997471,2.5397302985473367,0.002254089122585563,0.0017860868133317265,0.02992988994685709,0.0016131711944434024,0.000007751690787372273,1958,3.0998632010943914,68.45%,30.32%,1.23%,477,362,167,466,58,539,642,31.316666666666666,51.1,74.33333333333334,57.35
New York,68267,8977986,1.7325031334654104,17.728840887970197,98.22100028302269,82.08173295772092,0.04649658351190717,0.18942615430887802,79.67559907892407,65.90659475470974,36.388884819898344,37.332835782991864,78.79437398143556,38.19315512549769,127566.28555524632,69333.22558700804,2648.536613590754,1527.745785524727,20.108761573606113,9.216786569966452,58.417683507404746,32.339324209238015,4.3520295311058055,21.666150960805687,20.523825567257973,14.027834304932085,13.754815650314208,13.754815650314208,4.202258427434477,29.257877326076056,48.74994791449644,53.915288549451056,1.81049210383766,1.1966891803095236,35.5431476311513,9.58169480734884,9.69415392308013,6.048450136814525,49466,3703818,27.254814649894243,41.107471613556335,0.009020060614807332,0.0014603907662069013,0.01632201444584184,1.7488608952023588,0.9132596609144452,4.813619776096324,4.24801902287831,1.147008088846738,8.724975774694348,19.3036169584012,3.1710237854703145,18.094928836017015,3.273165233765609,11.105069102254843,1.5792837556439807,6.185012610903793,2.088874227711001,7.293277391776454,3.350050512339443,2.933151901256967,2.4793151168689307,0.014064146202678466,0.009478933782737555,0.23981834266108554,0.010190825084765596,0.00005222607147047188,1978.9058844654217,2.68863461771722,76.39%,22.76%,0.85%,529,358,308,458,78,549,710,37.9,54.083333333333336,77.45,60.98333333333334
Los Angeles,49096,5758829,2.277188849627012,45.84407918233552,97.35160795231467,53.191290741919886,0.37120319805832175,0.9646300757445927,95.09783979496359,61.08640144757608,36.46156509695291,36.429061706815745,36.02899301061351,34.638614741753564,33164.194985334856,67319.44823487553,1127.1760632230732,1517.4243850616158,12.263982582003784,7.034600821026984,20.698223887893107,28.643149501400373,16.00130356851882,8.927370477574522,17.26413557112596,12.38928955869327,41.79770246048558,41.79770246048558,43.57679566938676,80.19713499782256,27.5915003635776,7.608658292132139,1.1634483315827746,0.9380159007727151,16.87000080795023,3.187631173225018,10.798254827502632,8.068559636047569,28017,2153157,32.42431608255624,31.43118069268613,0.05425771588787106,0.008262596328102192,4.29737635024595,1.4412722194986258,2.139737029100864,5.305963942029624,3.1565872172126404,1.5522664301727984,2.1011782462363873,5.682738334591084,1.4255732864752315,10.259941280482094,1.5365674971494043,5.00162497727786,6.836747621749358,6.783316165494297,4.3819302526701955,6.5943781294583586,2.466385003938504,28.973895704000753,2.497851732291042,0.010510005869813446,0.0022454508123991392,0.0777251497316198,0.005997613541929349,0.000010924233973779512,1958.1111708253359,1.4236504408918202,71.04%,26.87%,2.09%,504,455,478,491,156,768,836,63.333333333333336,66.55,78.19999999999999,74.19999999999999
Chicago,21390,3539805,2.5419911191196345,35.77619167342983,97.34217131089517,63.775811286294726,0.11583756998519854,0.44799704027544196,63.41463414634146,50.55444718354347,33.86975222066386,36.004811846980274,88.99599326403809,37.563873107615514,115283.64899485742,61992.20752696829,2293.2347358578777,1123.242224642318,17.678100263852244,11.328371799765254,65.35296867695185,35.98184080761511,3.83356708742403,26.030868932045692,20.32725572697522,6.428828706666046,7.237026647966339,7.237026647966339,20.658287618915352,62.275386404315235,19.220887438372337,24.231714034921374,1.4165682938684814,1.4345138411011686,43.67752239427817,5.552669710473794,15.02673425456566,6.505716009188428,15539,1535278,23.429020841525755,34.35868758078859,0.0003247807729782397,0.05521273140630075,0.36927573887625853,0.6386813900617083,0.7388762585254953,1.88194218902241,1.7711919454368303,2.8825917505683663,4.903052939265995,15.462487820721012,2.0250081195193244,22.47093212081845,2.1271516726209807,9.490094186424164,11.781747320558624,5.4470607340045465,1.4641117245859046,5.241312114322832,3.2973367976615786,7.951607664826242,2.4388627668762615,0.009123585556327585,0.0034995049390878006,0.26266030788155803,0.006627928749872573,0.0000153620912023361,1999.495354588597,3.053220927987644,74.35%,24.05%,1.60%,423,69,178,450,144,869,816,31.933333333333334,50.083333333333336,73.08333333333333,57.93333333333334
Houston,16503,5465985,3.2371354405252712,64.19941849666736,96.76286455947472,32.79926765668271,0,3.001313846649936,83.80068207654415,42.351812748982596,34.55408107616797,33.98085084390096,35.89425253779303,33.57005060931136,81002.55026358843,72046.70647376457,1572.8358480276313,1195.654398063661,19.407543136356693,8.698096073994902,37.28413015815306,31.016349294774866,36.605465672907954,18.714980008177847,3.4720959825486273,8.243527927720255,19.978185784402836,19.978185784402836,57.5030012004802,90.34819982319658,7.6830732292917165,2.317491941312324,0.8231864174241125,0.2393988990876421,21.368547418967587,1.280557537532325,12.622191733836388,5.814351798871128,6549,2040573,18.46541367951947,30.169184488998994,0.06276246702419161,5.013853666501681,4.163243645938044,4.113237777902509,3.2442582547952057,2.1293315031865987,1.37056899534129,4.501038387157677,1.3547508125953556,6.162457839440343,1.0531848125035081,15.089015547742848,5.5195252504120385,7.192680773764268,2.933507503431525,4.088234843884742,2.819718640452706,5.859361047469856,2.3910969144338363,20.938171316021776,2.640123000354511,0.0029833537429944604,0.0008709372598495651,0.0354280262068003,0.0011839049665437024,0.000001043502335764698,1985.0132844709117,2.817834783936479,55.73%,42.95%,1.31%,482,340,353,408,62,728,679,60.9,74.93333333333334,88.86666666666667,75.5
New Orleans,17393,694227,15.672029060716138,61.42731911962681,84.10556749944399,37.4102251025328,0.22240343983986952,1.1624557778403932,69.02782396630084,46.57260461245839,37.287241993905596,37.45909047040809,57.84210155644763,31.02291852037556,53215.51181509803,47460.072624660235,1193.2004254585179,1006.7198365952347,33.12328564015124,15.724617263078802,55.919047892830456,39.24019088857103,30.66176047835336,46.80414331335428,2.0640487552463638,3.3935585910660344,8.871385039958604,8.871385039958604,56.50977694802004,84.11828068423416,7.821558416036161,4.385907062484887,5.925125282499755,1.8277229774926278,18.944679178539843,3.7232789727066318,10.798860174904199,5.94481030308169,13489,319410,16.441747572815533,24.515086525418997,0.0840973888786331,1.5927224991282587,0.21844809550181526,1.288125858921502,1.2912025926609645,1.5486226488626342,4.190511353147499,1.8727052694193176,4.133078990010871,4.041802555740159,1.6347711935675753,9.877340881586774,2.3608803560806515,7.849773347281193,5.056099111849527,12.937665374438495,4.968924989231431,27.41985108608701,2.7198326256845733,4.9135437819211125,2.4804554606081344,0.0022507049547471525,0.0008013836982544654,0.012617560933569588,0.0017455159624322624,0.000015571080793104395,1980,3.452294462154348,62.53%,35.69%,1.78%,558,578,409,689,58,528,718,61.53333333333333,74.58333333333333,86.48333333333333,75.16666666666667
Raleigh,10525,912708,36.843185550082104,67.43384650970847,62.76683087027914,29.50155214606207,0.3899835796387521,3.06460134422946,74.50932881027381,39.356878382227286,31.4,36.31839755978911,43.16251027678816,50.17512978440444,51281,76786.05130666106,1036,1124.4981658975269,15.291461412151067,7.712365386485684,36.32304038004751,56.64790929848319,52.28503562945368,23.758200870376946,1.814726840855107,5.539997458113658,7.192399049881234,7.192399049881234,69.79207532365633,87.22443153691297,5.84542958022754,1.2967806343024981,1.7850137308748528,0.28608791789049864,9.886229894076108,1.2006616943335202,12.691251471165168,9.992038216560509,4872,380441,24.33766806259643,25.025382664613712,0.0018897161646320723,0.0037794323292641447,0.706753845572395,3.6622699270569563,2.159945576174459,3.12748025246608,1.861370422162591,1.0298953097244794,6.069768320798216,3.5621149703314563,1.0298953097244794,17.020673494841073,2.845912543935901,8.902452851581693,2.898824596545599,2.0975849427416002,0.5990400241883669,6.821875354321781,2.5227710797838165,33.07570202955516,2.279490853367086,0.002264801689445228,0.0005234787513758855,0.011387057083331362,0.0010483718604253824,0.000002794309326425663,1983,3.8998357963875203,62.25%,35.80%,1.95%,422,374,69,422,155,688,657,48,63.71666666666666,81.25000000000001,65.98333333333333
Miami,18477,739405,1.1398455693099645,33.51431643277501,98.86015443069005,65.66857175192395,0,0.8171118153010412,67.02096820948884,64.27710463429504,35.19997835146398,40.20824176195725,76.37006482027107,33.53858431733608,101248,49039.781402614266,2279,1316.6037381408023,36.579237651673,19.252489814395656,37.473615846728364,15.303926806012944,2.056610921686421,15.715473928361318,3.442117226822536,1.2077278352188585,55.27953672132922,55.27953672132922,60.300007853608726,76.38178685481701,6.746249901829891,8.459274015665013,0.023560826199638733,1.4560749789829117,14.717662766040995,4.507506499343823,18.212518652320746,9.195357651191244,16318,353440,23.078682935582272,28.986092318939267,0.022772415014612298,0.027832951684526142,0.0037954025024353835,0.6287716812367952,0.3921915919183229,2.6112369216755438,3.8915526991637464,9.949015093050619,1.5029793909644118,14.072087344862922,2.9034829143630683,18.4317396859937,1.2879065824930733,9.598572928659085,1.136090482395658,15.95713725440583,1.0386751514998165,12.270536290373595,3.0299963311109144,1.2436268866313274,2.3528993928380535,0.017549741840134647,0.003479311828960032,0.07507627018832942,0.015499090076707104,0.00007678526710661924,2003,3.5,53.41%,46.06%,0.53%,284,224,193,337,368,421,739,73.13333333333334,78.25,85.5,81.76666666666667
Milwaukee,24921,940361,7.343557595432665,51.48369062763264,92.32060897794693,47.94156482109537,0.3358334266203963,0.5747445512719934,78.96279306829766,49.851536242623126,30.599975923919587,35.31527253895047,67.2872340425532,32.528025955787996,55606,54419.14411167626,985,918.9787220014441,12.145975596104332,8.786760357350623,79.67978813049235,51.45343118228,7.054291561333814,26.305323168442758,5.505397054692829,4.34311929142106,5.08005296737691,5.08005296737691,68.40731070496084,86.10280535289505,7.8717849008388425,5.084895923312381,1.655463585356369,0.6660110654848127,16.504638631187156,3.4673771965961895,5.560802177656797,4.67891046171157,17866,414271,20.392892456232186,22.168081278686255,0,0.004875575317887511,0.9556127623059522,0.7284109524923941,4.013573601684999,1.0706763398080974,2.9038926593338013,0.8015445822607067,2.4397378890709103,14.715461424448083,2.0808955456743896,12.356658085654107,4.914579920430611,7.860402527498245,4.602543100085811,9.24019034246041,3.7522427646462284,10.754544036196272,2.372454949684063,14.43170294094703,2.5522610424058456,0.004558652522240374,0.0012190163717629172,0.01875923652585349,0.003268122706245597,0.000023160197517672762,1963,3.299955222209784,69.13%,29.27%,1.60%,454,70,70,442,55,552,679,28.083333333333332,49.050000000000004,70.8,55.166666666666664
Albuquerque,19191,720072,48.768243934182394,70.37289031916883,50.62749837315237,24.103405800372762,0.6042576926652413,5.523703880458406,65.15118317265556,36.5603499982359,35.599968735344696,38.35290082102901,28.342435633732887,34.072901118743545,30366,56103.51172938262,714,941.2824550878246,15.143627405410431,8.605756518486512,26.580167786983484,39.03762401537624,3.08477932364129,2.5078047750780477,1.667448283049346,2.4616982746169827,61.440258454483875,61.440258454483875,82.73737484871823,89.9904944936171,4.191880294861921,1.6724953286802746,2.2004620970403783,0.9570653155620834,5.259104411926504,1.801604387339021,5.611178347452963,5.578340474801516,10757,310118,18.961626575028635,22.42469627082027,0.05683591138055543,0.07243792626933536,0.47474702447287476,6.255293540765836,4.436544376588062,3.960682922480275,3.4123835421031514,3.455846297864753,3.576204698435341,2.4695760709668795,0.7823296037088219,4.542415191904784,1.3573752953238534,4.3953104800962866,10.087817055231133,28.526055364864263,2.24334685507957,7.584808095216868,1.9725404537957472,10.337449293451611,2.4725690606844184,0.001139283136763309,0.0004121095041648109,0.005326984233653549,0.0006385945861165607,0.000006156414825601983,1963,3.5999814074556102,61.01%,36.57%,2.42%,404,429,380,476,0,538,806,40.68333333333334,59.68333333333334,78.06666666666668,60.9
Tucson,5234,841197,45.159275452841975,65.08420476571746,54.715802623360396,25.224227033409623,0.12492192379762648,9.691568200872915,75.99118942731278,40.84056924164848,34.399885364921666,37.51736870198063,46.64536741214057,31.541323310943792,43527,54160.68010941551,854,969.6267426060721,14.928169893816365,11.174283780978646,48.949178448605274,49.22319028717411,3.9166985097439815,3.7028187214172186,2.0061138708444783,2.993472397072267,39.37714940771876,39.37714940771876,67.75256222547584,86.51922989855733,8.308931185944363,2.5905300639443065,9.04099560761347,1.7169885187878013,9.407027818448023,2.4411225008855264,5.490483162518302,6.732129017825038,3202,370941,19.99045437189767,23.87170714442216,0.0084537999830924,0.1521683996956632,3.6689491926621014,2.1219037957561926,2.099360329134613,1.425874263814918,1.8795615295742103,1.0708146645250374,0.8425620649815425,0.3691492659283681,2.806661594386677,3.809845859046975,0.9355538647955588,1.938738129455857,24.578014484177306,10.045932313241469,2.288161862090343,6.024741454617184,1.9922788626821089,31.941274269450787,2.158535083103882,0.001397393809817746,0.0002356589593715454,0.0094744581828434,0.0008548824950394389,8.970312398970613e-7,1954,3.599937539038101,58.57%,39.90%,1.54%,364,234,195,246,46,546,668,57.43333333333334,71.21666666666668,87.76666666666665,74.75
Fresno,7650,783431,15.752523036419483,70.08862988146548,83.58929354980255,27.331347166722114,0.6581834137779727,2.5800229518124085,87.15551181102363,46.62605361556499,33.2,32.70695313307745,13.050426136363635,23.61439209340104,28529,59604.99244349534,800,1141.2894358277883,10.83808688021062,5.626932120201706,21.39869281045752,32.34081878301982,8.993464052287582,5.592196377217649,3.294117647058824,11.848778003423403,62.23529411764706,62.23529411764706,86.09483217900906,90.79744662556428,1.4384656366542354,1.2555025592936786,0,0.5121702748086371,5.966968566862014,1.409714412110148,6.49973361747469,6.025166128223259,2279,267517,0,22.18795953179225,0.47397544145852166,0,2.0634465730473317,3.1811468001146355,7.744538259738542,5.237979762350918,2.369877207292608,2.8526707964991953,2.012742223495955,1.3690174378871718,0.8112695928220278,3.4986001190449945,1.044950508145764,3.3883732721941757,7.305835409272282,26.386102599149048,1.876060933400939,3.829280659597452,4.007848151495779,20.54628425299266,2.410252834557642,0.0014407042840518932,0.0002866259766691407,0.008542717258676854,0.0004291980474972895,8.337946811256787e-7,1975,2.799912242211496,52.91%,45.08%,2.01%,504,455,478,491,156,768,836,54.166666666666664,65.51666666666667,85.61666666666667,71.33333333333333
Nashville,2773,1047790,5.562177195073501,66.58670929067347,94.4378228049265,30.957403642021113,0,2.455887067305429,56.38376383763838,38.09514509541607,37.27767760548143,36.63586691989807,56.87782805429864,41.702971793995935,80729.04507753336,72298.64112560723,1592.521456905878,1174.7452037144847,46.16607071911005,8.16999984307431,72.77316985214568,65.11228395002814,18.75225387666787,20.080836808902546,0,3.2284140906097596,6.130544536602957,6.130544536602957,64.4853875476493,88.60060125125261,1.9059720457433291,1.5116142603074867,0,0.1312641623558938,27.255400254129608,1.782267601946393,6.35324015247777,7.974252724137613,2517,446071,0,26.446400443296593,0.0013812536257907678,0,0.07458769579270146,2.3149810768253265,2.371612475482748,3.0525705129975966,1.9544738804939363,1.1851156109284788,5.022238183375231,4.83991270477085,1.201690654437968,11.650874333545126,4.674162269675958,8.674272769966022,0.5815077764579132,3.2832398685046544,4.668637255172794,18.196635266167576,3.1119644189065996,23.14014199287273,2.4149437011752535,0.002066472911543334,0.0002970936550281505,0.05395185930397198,0.0018756986362620165,7.136780554365424e-7,1985.103694874851,2.9638458482320225,64.49%,32.36%,3.14%,397,310,303,400,54,569,654,45.20000000000001,62.96666666666666,80.75,64.51666666666667
Oklahoma City,4402,1183697,9.414381022979985,74.4166374509788,89.84432913269089,21.790894489241833,0.7412898443291327,3.792468059779374,92.19982471516214,37.742200976357715,32.19990913221263,35.0613374875496,25.381903642773207,31.594500068132707,53178,62398.90020250114,1116,935.3785630951164,15.41882876204596,9.60428369927681,47.751022262607904,61.839812046495,22.217174011812812,11.138999254032072,3.6801453884597906,3.5777737039124036,11.49477510222626,11.49477510222626,66.61290322580645,92.80222342884193,1.7741935483870968,0.46066187731462144,0,0.26957508423133686,28.70967741935484,1.6002213683067412,2.9032258064516157,4.867318241305373,1349,490604,0,21.887828438809095,0.03106490494139088,5.89404796421323,2.0150768338648883,3.3322288033798615,1.5780971710226566,2.3754297311850228,2.1041295613635422,1.0127159010893427,2.5079733256016237,3.433707492855072,1.6360849935799195,11.27656049372489,8.273619682723771,12.469452843474299,0.660646978420246,12.280992420163194,3.2079691836142983,10.806444932278508,1.7831255436358364,13.320631238868408,2.612688016198332,0.002144330700414788,0.0002584826307272263,0.023521388505276797,0.0006571336017400157,2.9457966764385504e-7,1972,3,46.21%,51.08%,2.71%,476,55,237,108,38,603,685,47.083333333333336,64.26666666666667,85.96666666666665,68.26666666666667
Fort Worth,9282,1621418,18.614415675297412,70.35105996207841,81.38558432470259,26.83938432041945,0,2.8095557175021315,67.93789158267502,39.51089467884691,35.5,34.626392454012475,42.12531752751905,30.98352259241215,72560,70726.93022218824,1366,1176.925042771204,14.36902262654537,8.267590088217409,51.76686059039001,49.088452206648746,20.060331825037707,13.999289510786236,2.4455936220642105,4.458381490769191,23.410902822667527,23.410902822667527,80.70801317233808,92.60247988593542,2.9088913282107574,0.6231540890111009,0.6586169045005488,0.14296262348507993,10.647639956092206,1.1041093797739079,5.076838638858403,5.5272940217944875,4287,613371,23.51926394479586,27.372819049855625,0.10879358117871045,2.4002583847552996,0.3416798408893875,2.2328182637224403,3.392999813011032,3.1703129515358595,2.668842538290241,2.79803491593996,1.3624696142927568,6.946640148231255,1.3709691128223436,6.87269451102385,1.7848946912132184,5.6368674248219355,17.065293147704285,19.56499566525575,2.2013701191629695,7.4574600098594175,2.471654172403828,10.15095109388546,2.565010261668388,0.0008306177775649977,0.0005995355631401891,0.010528496444907588,0.00038363051200400184,0.0000015851612349079576,1994,3.699790062981106,49.31%,49.09%,1.60%,482,340,353,408,62,728,679,37.166666666666664,52.86666666666667,69.05,52.46666666666667
Oakland,15785,732340,5.012825994014536,51.5337319628051,94.81616075245832,47.95586908097767,0.17101325352714836,0.5103989562172339,91.41714285714285,54.17501285642875,37,37.86593795231723,53.94052044609665,49.78044233117795,55291,86694.34859218396,1220,1633.6704577108992,6.4771269773407445,6.008511156104338,32.898321191004115,36.0278012944807,25.49255622426354,16.719419941557202,24.26354133671207,19.328044350984516,10.250237567310737,10.250237567310737,33.31108144192256,60.801936994465734,41.46639964396974,22.14612601106854,2.837116154873164,2.8586632609621114,13.607031597685804,4.880268199233717,8.778371161548726,9.3130055342699,9356,295847,33.62931850449598,33.425801563522406,0,0,3.9191714147309176,2.6977463034301397,1.4786279439920649,2.310211990496182,2.215635164125395,6.95485686604692,3.413992756799151,7.766833521718068,1.5997324167839266,12.148508684920763,4.41973656893728,4.35630089271297,6.421997185762727,8.594957440428134,0.641277017831192,4.900694332310673,4.844178911674471,21.315540587299026,2.597487746986778,0.007129198142479182,0.0022154039492369077,0.039158424919178335,0.004225579842954401,0.000028302863900729864,1964,2.599935870029927,80.23%,17.71%,2.06%,504,455,478,491,156,768,836,54.9,58.93333333333334,67.18333333333332,65.36666666666666
Edmonton,71004,962626,13.205863607393246,66.68866501454585,86.88336520076481,32.58134899256546,48.425748884639894,42.45905613619222,68.1633172220809,35.15785792114502,40.78129541997635,38.89552481692433,35.863300592580565,27.0460101669922,47983.105263801976,70017.38538931074,857.6943200407475,673.7166387369796,13.10441020191287,6.967381295540079,58.6191470325082,56.450227012347774,10.19982105577095,5.903381847498621,22.35311661198926,28.52399541732083,0.07456009543692216,0.0668307378962108,57.337406134657,79.20106607810271,21.57311951126384,14.217150947914172,2.800050910016546,1.1889269465815748,17.06758304696449,4.017573631224428,1.2218403970981235,1.3752823961771128,39225,371240,27.08036396029524,29.28034600851489,0.19936204146730463,0.39872408293460926,0.13955342902711323,4.6650717703349285,1.854066985645933,2.192982456140351,10.287081339712918,1.555023923444976,1.3955342902711323,4.884370015948964,5.422647527910685,20.23524720893142,1.0167464114832536,4.625199362041467,1.1961722488038278,13.058213716108453,1.1961722488038278,9.828548644338118,10.685805422647528,5.16347687400319,2.5119631168349463,0.007375271461915535,0.001464046217839596,0.0005210179940984779,0.0040743482493047845,0.0005646144171368441,1985.2940936863545,3.9458636073932443,48.88%,45.45%,5.67%,192,602,277,642,0,667,786,16.983333333333334,41,64.23333333333333,44.26666666666667
Mississauga,84858,1358376,23.0734154126767,69.40483790877492,77.06338349293206,30.4970324655364,19.151846785225718,36.20510274053581,40.36613272311213,24.36117253367073,38.78319663437743,39.46679221594476,38.00269522661181,29.56909023083152,52016.91447852498,73246.58180735438,1089.5518879918156,354.56268668846167,5.701352280540917,3.1392414339563857,31.935522246014752,36.059374814639064,5.5852962169878655,5.097425707337328,58.01213418986438,50.08192953318702,0.03568879371877231,0.05449611483480634,72.79106029106029,80.53931558696011,22.414241164241165,16.075601753129746,0.14293139293139295,0.29900776633329923,3.7941787941787943,2.189838457119926,0.8575883575883569,0.8962364364569146,32895,422910,34.530600311850314,34.59765548168837,0.1349527665317139,0,0.0449842555105713,6.3877642825011245,2.5191183085919926,4.093567251461988,14.754835807467387,6.3877642825011245,1.934322986954566,4.49842555105713,5.623031938821413,21.09761583445794,0.7197480881691408,5.1731893837157,1.1695906432748537,8.27710301394512,1.2595591542959963,7.107512370670265,8.412055780476834,0.4048582995951417,2.496239989338056,0.016002564510031618,0.004094272556802046,0.00041921446305357525,0.006203355718464848,0.0012746903707052785,1995.1552266137646,4.588554491564068,61.23%,36.48%,2.28%,529,496,365,718,127,802,772,31.133333333333336,47.85,70.55,55.916666666666664
Ottawa,76517,971137,17.61832771252471,69.31216250964258,82.47470636120478,30.484700437130368,42.88870798930108,38.814605296991516,74.33025404157044,34.01433968082646,40.28685359412944,40.981703026038,51.35928910309511,37.07839620019707,46741.638535853315,74333.13455091279,839.3103034944717,462.44456705462585,15.89400116482237,5.798430776528434,67.16644786844469,63.79776188702409,7.710909970289505,5.940495364808218,16.865888205624266,19.017664618823023,0.055275340288813646,0.038298698368895163,31.011629361010378,68.9690946816643,23.633862698511944,20.156164682756362,7.377766662498438,2.5619744457791853,36.53870201325497,7.235994321284263,1.4380392647242672,1.0767718685158876,42995,388900,26.555979007872047,30.640359787666295,0.08898776418242492,0.04449388209121246,0.04449388209121246,2.825361512791991,1.6240266963292547,1.6240266963292547,10.522803114571746,0.6229143492769744,2.4916573971078977,3.5150166852057843,5.361512791991101,21.446051167964406,0.489432703003337,4.649610678531702,1.7352614015572858,9.610678531701891,1.4682981090100111,13.058954393770856,15.572858731924361,3.203559510567297,2.404843199520787,0.007978008612330684,0.0006637944409310896,0.000468669037108439,0.004482853225912644,0.0002658220807961191,1974.2395287050942,4.111280381439702,66.34%,30.35%,3.32%,529,496,365,718,127,802,772,20.95,44.699999999999996,68,50.78333333333333
Winnipeg,56690,718682,15.927030345553412,67.31580882996795,83.75723557270655,32.48104236353129,41.06297140852482,27.19216826325283,78.66526537046768,34.64178163736956,38.44949673943861,40.017517605633806,27.86020441806792,25.99917558353228,31519.583215888862,59170.75447674682,585.629889758826,378.1680136240466,11.602655581063473,4.456275494667665,51.68665667166417,64.37789920031874,10.635307346326837,3.6170636614587783,23.894302848575713,22.84712143202709,0.06559220389805098,0.045533452858647086,46.64568168404485,77.72395012182886,27.168994688176273,14.71836032678802,4.328152665748574,1.7715350437150637,20.834153059216998,4.825856385265873,1.0230179028133044,0.9602981224021798,28505,285505,26.71791839148433,27.73701149754853,0.3143006809848088,0.1571503404924044,0.1571503404924044,4.26925091671032,2.671555788370875,2.5144054478784703,8.355159769512834,1.4929282346778419,2.566788894709272,7.5955997904662125,4.662126767941331,15.531691985332635,1.3881613410162388,4.085908852802515,1.3619696176008382,13.803038239916187,1.9905709795704558,8.748035620743845,11.367207962283919,6.966998428496595,2.6003116566873548,0.010380098003908619,0.0013932444095537265,0.0006990865087127025,0.005219345450721735,0.0005534829662488231,1968.4746890874057,3.9211015611296265,67.13%,29.99%,2.88%,654,325,501,672,253,654,715,10.483333333333333,44.18333333333334,69.58333333333334,48.56666666666666
Toronto,269794,2808905,6.44843549922842,37.07135381395062,93.52529796105985,62.91369469046006,18.977574941721116,31.266215776466343,64.13528408345361,46.65655233069481,38.73119701165233,41.12756240042486,57.30939853502528,36.236149841485265,51332.063852523854,64294.28360769268,1117.8330799809344,595.8505392023179,10.979013628878747,5.6040968945439715,53.67313761116955,47.46057360948221,5.726307736444487,5.394733751014234,37.712537056517164,40.62756946941755,0.06885339963660705,0.07662101331290107,22.001824755854425,51.28090499144767,33.80529179197783,36.512206499766755,6.0115567870780255,2.668714041362152,36.81951812928733,8.433758357953662,1.361808535802382,1.10441610946976,152285,1137010,30.284428610022964,36.30664326694342,0.06968641114982578,0.7897793263646922,0.2148664343786295,1.7886178861788617,1.7363530778164924,2.8687572590011614,9.866434378629501,0.7839721254355401,4.454123112659698,8.94308943089431,5.691056910569106,24.54703832752613,1.8699186991869918,4.663182346109175,1.7363530778164924,9.686411149825783,2.346109175377468,9.448315911730546,7.973286875725901,0.5226480836236934,2.483573102718254,0.024111407525732927,0.008434062674894202,0.0015389461500000777,0.013609664021647028,0.003414004247912071,1989.4875196850394,3.5744722067176675,70.86%,26.02%,3.12%,529,496,365,718,127,802,772,29.933333333333334,47.21666666666667,71.4,55.81666666666666
Quebec,39314,590787,4.054897067997505,43.281519861830745,95.79954252443336,56.24761385328606,76.12809315866085,57.56931188073812,70.89319175515303,44.12149634638456,45.57191222889726,42.93566289825283,41.18837646378488,25.769659987918875,35756.786050547984,53305.429318378076,588.9911976442826,406.31139688811527,11.474625547418398,5.297217661293374,50.59136212624584,36.8484331030397,3.362126245847176,3.2496667566931805,3.4684385382059797,2.220750821128932,0,0.004356121657765658,37.37902171069841,76.60170036684806,20.32435260266806,13.484708868682302,4.78681663614962,1.5456299876558235,36.25425058854303,7.321313698558687,1.255558461940879,1.0466470782551225,24045,275025,24.843260188087775,26.2963349147594,0.15337423312883436,0.35787321063394684,0.05112474437627812,2.658486707566462,2.658486707566462,1.738241308793456,15.030674846625766,3.5787321063394684,3.067484662576687,3.067484662576687,4.4989775051124745,14.979550102249489,0.7157464212678937,3.834355828220859,1.8404907975460123,7.617586912065439,3.936605316973415,16.257668711656443,11.554192229038854,2.4028629856850716,2.5306590032402423,0.010070162251546512,0.0013171966274999577,0.0005010234869009761,0.0061590540606001895,0.000613185466975705,1969.689452881215,3.971345394052818,47.84%,34.79%,17.37%,394,487,471,718,219,779,808,16.25,38.61666666666667,64.08333333333333,47.333333333333336
Phoenix,15663,2413703,36.79877044681085,65.20902395567329,62.94873202327369,31.325730539650316,0.2524975299154682,3.4652455046764055,67.7577971340264,44.13770465759569,34.23462938134457,34.89549294175796,45.99962525763537,32.12980583551401,43138.787205516186,64899.54316417554,1023.331545680904,1179.1713375672152,21.85750356789988,9.478748658408277,55.46191661878312,48.23841209958309,7.220838919747175,6.134764716288624,3.868990614824746,4.161282477587342,29.770797420672924,29.770797420672924,70.66365902884958,86.44260438794772,4.084055562151252,2.7107985302612536,2.552534726344533,0.9327515404777926,10.35260595987178,1.8087587105160845,12.347144722782854,8.105086830797145,9109,945705,19.184080926394248,25.974328879805665,0.005698460276033416,0.8712945762055092,3.5672361327969186,2.6150234206717347,2.6611809489076053,2.559178509966607,1.0986631412192427,1.3659209281652098,2.5415132831109037,9.462293288353486,3.5210786045610476,9.244042259781407,0.830835508245672,7.908893017106777,0.6416466270813626,11.185507675825992,3.2811734269400405,6.817068028218776,3.7131167158633738,26.1086354467023,2.4949743269829097,0.0015541225176010848,0.0006941436651670418,0.01741216523806065,0.0009038180433396082,0.000002619607568125235,1974.9310571961796,3.470523657920738,50.29%,48.11%,1.60%,364,234,195,246,46,546,668,63.24999999999999,77.78333333333335,96.56666666666666,82.88333333333333
Cincinnati,14097,748622,15.453947986104591,60.09566961638526,84.5460520138954,39.3768991355121,0,0.5274312481026378,73.18904041035907,44.293240241193274,33.39994325033695,36.682065181092725,63.73955684707592,37.35970410683435,66185,59317.055655591204,1102,813.5125109868532,24.955403248521264,10.600545305464687,62.68709654536426,67.3707157951543,28.105270624955665,24.157719115922323,3.4830105696247426,2.0193101458412923,2.5111725899127477,2.5111725899127477,61.209127264173134,86.97268211245279,4.728299223712068,3.939028932979137,0.7410021171489062,0.27706705892909095,25.735121147965184,3.1173442891285847,7.586450247000702,5.693877606510398,10651,352463,18.805942083490034,23.176387782432034,0.0388903292714545,0.023149005518722916,0.4074224971295233,1.6102448238823661,4.938145857253973,2.7602874180525205,2.130634467943257,2.3436053187155084,4.823326789881107,10.70965591318197,1.9408126226897293,14.548686988406978,12.924552761213379,7.134523500870403,1.852846401718582,6.046520241490425,6.081706729878884,9.76147264713508,2.409348494388681,7.514167191377459,2.6319696026764565,0.0020084592651207545,0.0008736909300228023,0.015386647286371642,0.0015174930575868027,0.000012430414943286287,1980,3.59994366726129,51.78%,46.63%,1.59%,443,190,158,447,142,644,720,38.05,58.38333333333333,77.13333333333334,59.616666666666674
Pittsburgh,21893,704433,32.81463568499632,67.00770816776796,66.51245925770161,32.51212911042075,0.6729050573020713,0.4801627218112805,76.87224669603523,41.84247211174551,27.881651669483396,38.922429812345534,38.25637863254451,41.58236880282578,42664.44205910565,57023.23378092735,953.095372950258,897.215023998024,14.078435495741774,10.500502948221342,47.252546476042575,73.21959646978492,40.04476316630887,16.85270281204884,4.709267802493948,4.153979157705559,3.763760105969945,3.763760105969945,41.68602721539993,74.34952962908761,17.2585462993694,12.673369026482698,1.5930965814802522,0.8708833916407344,32.06106870229007,5.920295117364929,7.401261201460343,6.185922835424026,9511,359878,18.71933962264151,26.117154726272368,0.010201081314619349,0.3384358742026655,0.8328882861583329,2.1176244681936285,1.5169607978445714,1.958007548800173,1.649574854934623,1.418550366338832,2.5712725548908186,21.115638257655313,1.1605230154396367,12.573732815678461,4.834712479522829,4.0000240025442695,12.945172188251956,10.523315471439973,4.235248936387257,7.182761372705507,2.261639733811784,6.753715893884752,2.5128679151357667,0.002699470500334829,0.0012226598451321481,0.02054830582424971,0.0011727339299632102,0.00001650791173475953,1957.968983282515,3.947744716643886,59.43%,39.03%,1.54%,500,214,200,369,74,533,735,35.03333333333334,55.06666666666666,73.63333333333334,57.199999999999996
Washington DC,20576,1159965,4.522350127074301,41.51010010377087,95.4776498729257,58.28352852138225,0,0.20637137484687948,73.58022650243862,54.88667495822167,32.09909603421462,36.04682986124581,80.83778392638827,55.50481915174218,88493.82810069984,95794.77354661563,1875.877187013997,1626.544211247753,9.575422335177157,8.72338433450108,59.661741835147744,36.440065001961266,14.444012441679627,41.6447047971275,8.743195956454121,4.540740453375748,12.898522550544323,12.898522550544323,14.762134916799004,49.69439445708442,27.149071325001728,29.9317441316601,3.500655941448595,3.1077427998382787,46.71684043361182,9.36667115892281,7.8712973831388595,7.8994474524943925,13378,512668,22.18592781625957,31.98073761221341,0,0,0.06887930040477967,1.212518433557267,0.43208865099738436,0.5923012968728191,1.7899515113999793,0.11105649316365358,3.5623039063969757,3.288607303026441,2.101273811907926,23.950273393170328,0.41995132934015456,8.364131787038556,3.5741377950127746,3.8815154659821216,1.268653546221955,9.048980161547751,12.5478665622857,23.785509251673435,2.1970645808762357,0.007231374098142989,0.002946436489081588,0.11582358624281686,0.004701658373102493,0.00003398156612564473,1965.5233966213186,2.5464194946927794,93.67%,4.14%,2.20%,272,401,402,434,58,422,737,42.21666666666666,60.166666666666664,79.60000000000001,63.4
Sacramento,11908,995114,9.650293646556326,69.28357641056697,90.22957821676455,28.554585866597353,0.1201281366791244,2.161837722835684,92.800715456849,47.85147854023847,34,35.34046350468388,40.12693935119887,29.996874900925302,33938,65140.04704687101,917,1293.5893797092594,10.451147891083822,5.2542731664706155,50.285522337924085,36.342871269020435,15.057104467584818,11.264639026282417,8.313738663083642,17.985778513818516,20.364460866644272,20.364460866644272,59.88261695149318,86.59113280610609,5.472121525979631,2.969857460295394,7.250129466597619,1.3049883290992217,22.717072328672536,2.044705940387595,4.678059727257029,7.0893154641117,7492,373201,22.048493492601178,27.160099674797905,0.019482923217799597,0.01363804625245972,1.0939661386794475,2.3097005474701424,2.43731369454673,1.368675356050422,1.4982367954487892,1.074483215461648,1.1485183236892864,1.5712977575155378,1.0520778537611783,7.908118534104858,0.8465330138133926,2.619479026633156,0.6692384125314161,3.008163344828258,3.5712198258226664,6.6125041401211835,4.244354822997643,56.932998227053986,1.7934715691892356,0.0032923303466983107,0.0010289844131456144,0.028381834011586195,0.002071392253733939,0.000007747003080337472,1974,2.7999199145755473,61.37%,36.11%,2.52%,504,455,478,491,156,768,836,52.71666666666666,63.68333333333334,81.46666666666665,70.68333333333332
Kansas City,14801,962812,7.765257168358808,73.22568746806937,91.9669753430771,25.62309132105211,0.2677674885640968,1.151221210878525,85.56390977443608,39.31141116316096,29.33518005540166,37.52400157040004,49.008471313053526,36.02970248848823,42286.69400716168,67079.19764086862,952.4334166610364,1014.9730975517547,10.9673100524378,10.208869328946856,51.51003310587122,66.75726933191527,32.35592189716911,18.539029426305447,5.871224917235321,2.2676285713098716,7.93189649348017,7.93189649348017,76.7757382282522,90.62244607440513,5.392771633793182,1.4999416245578316,0.513054383764679,0.1343659300436894,10.51191426291187,1.592318201462868,6.806521491278076,6.150928169530478,8963,436493,19.529955008287946,22.55791393175209,0.06475262302998375,0.07133763554150753,1.5068703630536897,6.288686948505203,12.273365819395057,8.686729004785109,1.934896176302735,9.798498617147372,3.2069010931120765,7.293998858597832,2.367311997892796,13.164537512621274,4.79498661047456,7.927257561789368,1.4102901795513412,3.031300759471443,3.0104482198516176,5.320690109311207,2.1631766100355594,5.6839632995302685,2.6977319178806187,0.0024902508219796222,0.0004040436408526354,0.015330159711877256,0.0015080141961626482,0.0000037613190871760755,1952.6074974896799,3.2693294655807206,55.41%,42.57%,2.02%,308,70,345,395,239,421,656,38.5,59.78333333333333,80.3,62.45000000000001
Atlanta,6628,1059958,2.933673469387755,51.44242079189326,95.72704081632652,47.82218479354592,1.3392857142857142,0.7353944145608095,72.52663622526636,52.601514393163654,21.799939649969826,34.69484262583989,23.672400897531787,49.24088853217376,20909,65450.566273380646,1108,1153.121270842807,16.198979591836736,13.896779881822907,28.138201569100787,35.61009021112157,58.70549185274593,48.89005036048598,3.892576946288473,4.554237054675752,5.974652987326494,5.974652987326494,39.718565592374034,78.28017971569567,18.157058556513846,8.463393975104957,0.6354970494779846,0.6490756426309199,25.55605991829324,2.971017161375856,15.932818883340897,9.636333505192601,1568,505851,19.833333333333332,28.398209683982095,0,0,0.8261313371895204,0.6709765226267438,0.7315413405920381,1.4338210275603946,0.79346716570262,1.4215719632528072,12.69547465124192,5.309969377339232,1.0316434161279346,12.206192582511058,5.52705001701259,5.164341612793468,5.863899285471249,10.92208234093229,2.698877169105138,7.0908472269479415,3.4174889418169445,22.194624021776114,2.4465747948703656,0.002452271718218144,0.0010843306662887645,0.05436954269646293,0.0005801391149918602,0.0000016040545802199548,1972,2.7997448979591835,76.95%,21.87%,1.18%,455,100,278,371,316,421,716,50.23333333333333,65.96666666666665,82.66666666666667,68.01666666666667
Omaha,8557,690516,3.613030602171767,71.92225149617015,96.071076011846,26.593966464850904,0.315893385982231,1.4837820389789402,86.41304347826086,37.43262501542939,30.79992988196798,35.04638560149222,49.54402255015752,37.337104308828664,57188,68998.91270730874,1020,987.6285560363555,12.813425468904244,6.706331896777345,62.39336215963539,71.30160633497269,16.617973588874605,9.397320264845419,5.773051303026762,3.476675413748559,10.2839780296833,10.2839780296833,74.89427143406382,91.80635700653164,2.825836216839677,1.0760120670065876,0,0.1981317408168177,17.896962706651287,1.7649956064006629,4.382929642445212,5.154503579244291,5065,286565,16.159348301212002,19.551634715237505,0.009578085340740386,0,2.4903021885925005,3.634883386810976,5.706144341746085,1.2810689143240266,1.815047172070303,2.2053541497054736,3.5343134907332026,15.686509266797566,1.1062688568555146,8.979455006944113,6.0030649873090365,2.0185814855610364,10.140797854508882,4.523250802164648,4.008428715099852,10.696326804271825,2.3466309084813943,13.813993582682821,2.613695132465911,0.001843127194731116,0.0006232759817451723,0.008995287823578458,0.0010909710460807647,0.000004571788122996857,1980,2.8999012833168805,51.39%,45.91%,2.69%,220,105,244,152,13,709,724,69.21666666666667,64.13333333333334,55.666666666666664,59.43333333333334
Cleveland,6896,839605,10.528506034124012,59.988755882339326,88.97211818560133,39.55106819117776,0.4993757802746567,0.4601759264829048,93.38196977592496,48.23151737740597,33.899941995359626,38.75749906205895,37.4188621611302,26.683556408642318,36182,44979.25653849132,923,822.5727002578593,20.141489804411155,14.957684174482793,37.514501160092806,49.95956431893569,28.291763341067284,36.56683797738222,23.999419953596288,2.6732808880366363,5.988979118329466,5.988979118329466,53.319171534784914,85.3153538586678,9.638874137015401,6.142282928478241,0.3186404673393521,0.4893649611518695,31.412639405204462,3.329424751884306,5.3106744556558745,4.723573499817778,4806,432226,19.55418381344307,24.00055688451916,0.0009455013047918006,0.01512802087666881,1.6366627585946067,2.4157558337430505,2.5868915699103665,3.0170946635906355,1.152566090541205,2.2068000453840626,3.4151507129079834,10.364585303127718,1.613025225974812,18.250066185091335,6.552324042207178,6.620400136152188,6.706440754888241,6.07484588328732,5.80254150750728,7.782421239741311,2.4961234446503537,11.290231080518891,2.633707444552124,0.000919769577447506,0.001523821889513008,0.014106512411420828,0.0006410111063243495,0.000008722539766913629,1968,3.099875156054931,66.52%,32.40%,1.09%,443,190,158,447,142,644,720,33.06666666666667,50.35,71.86666666666666,57.43333333333334
Honolulu,25446,542647,25.85827285329854,47.53807283094968,73.92155263801679,52.26953478129853,0.22017450868466118,0.19239238775179063,56.10651110274746,48.79133948149446,41.79996856087401,40.889670448744766,41.56688158837376,38.53948456888323,74170,84166.53727192816,1480,1840.4761419486333,13.332789692571149,12.682135323705987,15.263695669260393,19.801639002887697,1.5405171736225733,2.028574745644959,42.50962823233514,45.037381575867926,7.5728994733946395,7.5728994733946395,70.78753937696885,75.06808230708835,8.757437871893595,8.766171758397997,0.5810290514525726,1.3291081040934265,12.145607280364018,7.189137954206249,7.728386419320966,7.647499876213983,12263,215705,21.824892202002484,24.619837700935545,0.099949499200404,0,2.6555003787559968,5.569817355441461,1.5581600875347192,2.6733860786129116,6.276828549785371,4.702886962376905,4.55033246359734,6.402028448783772,2.776491877788065,9.692997222456022,5.731840754145274,10.508374715933003,1.7380691860954465,17.664758858681928,1.0615688915074488,4.603989563168084,5.127935358976518,6.6050837471593296,2.684678177384871,0.0028572253070259603,0.001256112090271054,0.010672543856881376,0.0013769611703237975,0.000028386230022452785,1980,3.2999266084971053,62.51%,35.66%,1.83%,452,475,468,699,397,564,732,74.06666666666666,75.48333333333333,79.48333333333333,78.85
Memphis,14684,1017724,20.17117742308582,71.08557268221706,79.66689798750868,27.404856090574274,0.16192458940550544,1.5095712272086572,69.18140144073345,44.33845051228463,33.099972759466084,35.81667819566012,66.03020308974136,29.1200877957846,72850,54784.3317500619,1266,1016.7732803785702,11.69326856349757,13.084390487882509,54.49468809588668,36.96326312438343,32.9950967038954,52.730897571443734,6.0133478616180875,2.0645086487102593,4.2222827567420325,4.2222827567420325,83.79358764334192,93.43363759911824,1.4977767376550433,0.9648043317745509,0.912707699508542,0.11856734689509787,6.763398080973555,1.1507881304240817,7.0325298385209365,4.332202591788027,8646,439860,19.725968612064737,22.764714726998946,0.019402943703744766,0,0.6361393685727749,1.0782493001081022,2.587521135349392,1.3748371538653434,4.4515896554591565,1.9998891260359788,1.4122571167225655,3.983147157468747,1.2445602461402,3.36502480804945,1.2237713778861878,2.864706045402888,7.414696343931036,31.28586079773817,2.189760789422624,6.43761953599246,4.035812290378912,22.395154807772265,2.2472322861577188,0.002147100040473801,0.00035990250933848957,0.010550385202965583,0.0012642213940299975,0.0000030575255135386224,1997,3.8999537358315983,64.42%,33.98%,1.61%,397,310,303,400,54,569,654,47.96666666666667,65.5,83.53333333333333,67.6
Louisville,7194,1021991,5.48172757475083,71.29137719656723,94.51827242524917,26.616886693555553,0,2.0917361098772234,92.67480577136516,35.49066635276576,37,38.71185851930203,18.854869399757828,31.119486806862785,19628,62348.40756621144,339,908.9656816938701,25.166112956810633,9.433911977399122,40.72838476508201,72.19310150480777,49.7775924381429,17.388607140375992,3.5446205170975813,2.4446399234435527,2.835696413678065,2.835696413678065,50.39322444041138,89.93857560287836,17.543859649122805,2.204428885288386,0.5444646098003629,0.25515057689265047,24.258923169993952,1.7067450677230516,7.259528130671502,5.895099867217552,3612,450248,0,23.130522248420416,0,0.12373287321353568,0.7560192069744475,1.7424767007594246,6.439785226976038,2.528010171069211,1.935454576413563,1.7424767007594246,3.0467801073865117,18.77674730114765,0.9489970826285857,10.143825275561055,1.8071810473022827,5.9369075863008405,2.188596142712815,21.344488211322126,1.6868536660120554,7.43872952447981,1.7595041603759662,9.653434438604656,2.4414316170716552,0.0017866873168049442,0.00039076162005760383,0.021878599638490124,0.0008970690281205807,0.0000013810600794410764,1961,3,59.06%,38.96%,1.97%,381,121,109,418,57,436,740,39.96666666666667,59.95000000000001,78.96666666666665,60.300000000000004
Baltimore,39040,1022146,26.27547531117494,68.6947249846294,73.66525327132632,30.982170112689015,0.05927141749874618,0.3231049026815772,82.55194459243474,44.577955792909066,32.28337602459016,37.41205365965332,44.38939383585048,32.98568083850593,43356.75471311475,60359.35978813203,1103.6803278688524,1165.078375300593,14.421191811425704,14.501025422745037,30.965676229508198,39.91279132335303,55.16393442622951,47.6647171734762,5.489241803278688,3.936619621854412,4.84375,4.84375,47.95544948289579,77.52175745858763,24.327764518695304,12.050859811570337,1.8456642800318217,0.5835214376639207,20.540970564836915,4.328856900192915,5.3301511535401715,5.515004391985198,21933,465174,30.223024756023598,30.194878794236804,0.0007203261636869175,0,1.4154409116447928,1.5508622304179331,1.1899788224107877,0.8687133534064225,2.04932793568928,0.3853744975725008,2.6421563684036133,6.601789290190599,1.8353910650742655,10.944635731059025,1.8303487819284572,7.594398743751171,9.656692550386815,18.89991788281734,3.371126446054774,8.146888911299035,2.766052468557763,18.250183683171738,2.448786948494892,0.005239139755797577,0.0020607995775182033,0.018630348763789814,0.002943392732169781,0.000044220216225183835,1953.337299958966,3.5537318196325174,66.37%,31.12%,2.51%,505,188,322,429,63,752,806,40.28333333333333,57.35,77.73333333333333,61.449999999999996
Vancouver,126465,659685,2.4528806309316935,20.22104871195965,97.5404357706189,79.73494465319386,15.980483892527737,55.54314342777834,67.53940689286668,52.21011304406687,41.76559680544024,41.72590068159688,49.12767644726407,39.79660601605097,47307.56513486092,56553.57455230385,1106.1085392760813,824.4665733814982,9.80567074934902,8.213538964367714,60.41010770505385,47.79392399572418,2.0629660314830156,1.5770964693488667,35.231980115990055,49.82106616678802,0.11184755592377796,0.05034934700769958,30.915729934846425,49.78973671379815,24.343094436886947,29.453620185275476,5.491515715615379,6.033642125792296,37.53848356841126,13.401999024865919,1.7111763442399948,1.32100195026816,74810,295410,28.406746884400516,30.707165702101737,0.3669575144744353,2.3974557612329774,0.1712468400880698,3.7674304819375357,2.430074206964038,4.3382532822311015,8.056756095572046,1.500448503628802,3.9468319334583706,7.045584277909158,6.564462203376009,26.469868710755932,2.0875805267878986,5.2678789855663375,1.6146130636875153,6.76832748919514,2.218054309712142,8.081219929870342,6.482916089048357,0.42403979450379187,2.554952793500753,0.024560037916497825,0.008656560833465386,0.0023815264695371276,0.014528418428286106,0.0038764480559873417,1987.1565618112602,3.274675845475204,72.19%,21.85%,5.96%,184,355,445,689,12,667,673,40.666666666666664,50.48333333333334,64.31666666666666,52.93333333333333
Montreal,109750,1942717,5.46069587628866,19.37474148628154,94.49903350515464,80.58389631876464,43.0492912371134,74.0187968197068,71.03459398435609,59.998966337043036,39.71692118451025,40.244614423977524,52.16940542221762,32.476994467361834,37997.48591230772,47383.18947544479,771.5442434162549,536.3642653180785,17.598184303784024,7.319705474771851,47.63734699686877,46.253917006931914,8.786412373090426,11.818018759429831,31.620647120220134,18.64521676742738,0.02846569883290635,0.031652581268002404,29.293245641507465,52.91319857312723,33.917945505793924,34.488004476463594,4.468107318091659,3.585833857918911,30.953126631172356,8.113590263691684,1.3675749034345905,0.8993728287985796,62080,870360,28.49498851534767,33.2131240235969,0.13273916753579218,0.3034038115103821,0.16118327486489048,1.829904238171992,1.8867924528301887,4.076988717170759,10.211434531146297,1.7161278088555987,4.712240447520622,6.987769033848488,6.314591827059828,21.295155020384943,1.6118327486489048,5.3474921778704845,1.441168104674315,6.399924149047123,2.607376505167346,13.02740115672703,9.035744761543567,0.9007300654214468,2.532188768655436,0.013148618803734085,0.010059363164617146,0.0012635852621684137,0.007437505743378698,0.004506712673001873,1983.2321457359342,3.6085051546391753,71.53%,11.88%,16.60%,394,487,471,718,219,779,808,21.71666666666667,45.949999999999996,70.21666666666667,52.79999999999999
Calgary,50664,1250892,6.080744309685994,72.4814862104188,93.83618541285928,27.09610146407899,27.512875893005486,36.40832482124617,66.93482186833032,28.442502710632056,38.59265242101404,38.92160990712075,51.75994752951465,33.228049581186205,58237.99923407206,81209.80177520921,975.0849187433864,649.071090128972,15.63707100180632,4.709113779951025,60.59548254620123,57.699557731988016,5.492813141683778,4.514295675016114,28.275154004106778,29.89180446159646,0.02053388090349076,0.05756375591345978,41.92526915769474,76.32474122183885,18.429385687143764,15.691495839253095,3.752374920835972,1.6277653744672216,33.97720075997467,4.926324335295312,1.9157694743508529,1.4296732291455223,30095,469920,25.659458174904945,29.905838117899286,0.15445099691098005,9.309182813816344,0.7301319853973602,3.5804549283909015,1.2496489750070205,3.7629879247402416,7.259196854816063,1.6147149677057007,1.7972479640550407,8.508845829823084,4.858185902836282,27.66076944678461,2.808199943836001,4.703734905925302,0.9547879809042403,6.037629879247403,1.2075259758494805,8.087615838247682,4.956472900870542,0.7582139848357203,2.5063388932434587,0.010391312764689907,0.0020229481385206478,0.0014607399634873185,0.0061725595620824,0.0007599567262830227,1982.0906496062992,3.5947831865758433,40.13%,56.32%,3.55%,192,602,277,642,0,667,786,22.150000000000002,43.43333333333334,64.25,46.25
Colorado Springs,16248,611922,57.10940548978796,73.703563399188,42.604397033953425,23.768621993098847,0.28619747625861847,2.5278146077131494,60.12684989429176,36.68792910780362,33.89998769079271,35.487135615323524,41.30856667590796,39.10440750632731,44689,72505.34573197238,835,1290.788749219672,7.701313906595551,5.3014518772286685,72.94436238306254,69.19934239984835,6.173067454455933,5.971839548177709,1.8648449039881831,2.732210968064557,13.897095027080256,13.897095027080256,75.89150005845902,87.8795989716544,1.227639424763241,0.7887727924605613,3.1801707003390627,0.516485913119337,10.101718695194668,3.1260119885533766,9.598971121244015,7.689130334212322,7687,242858,20.54813508064516,22.66106040297015,0,0.007079144839303412,5.5476898390674405,5.526452404549531,1.8736136674689696,1.779225069611591,4.407947519939592,1.0807494454669875,1.533814715182406,2.3549955165416017,1.5408938600217092,8.931521072254471,0.32800037755439143,3.7967813488130635,11.114257397706357,21.548916890839585,1.4016706781820756,9.995752513096418,4.157817735617537,13.072820803246968,2.492371335666392,0.0012968578494380603,0.0002999777036682518,0.0033824619610712775,0.0006135491315011305,0.0000037683374810806798,1980,4.3998959281904515,42.75%,53.54%,3.72%,589,308,303,476,62,635,797,32.46666666666666,46.63333333333333,66.98333333333333,51.75
Philadelphia,56479,2096458,10.950084781687156,67.41030415062274,88.83531157270029,32.16860528487566,0.2146036456125477,0.42109056450159826,67.04653371320039,44.07959649417914,34.92703482710388,35.93833885534554,77.57603648077647,31.808107848828453,80253.96056941518,54384.344496288504,1686.0643779103739,1091.838792382199,13.514730818143281,11.397695902764337,68.34752739956444,40.10149499775335,7.468262540059137,36.52980407907051,15.193257670992757,7.103218857711435,5.125798969528497,5.125798969528497,25.21724118087127,64.37699390854607,21.853599585659207,21.105805280397803,2.891753467226794,1.6240321777241151,38.54232606318697,6.936641839360968,11.495079703055758,5.956526793971046,37744,899094,25.87341011200405,32.62767563033272,0.0003073159638350574,0.0006146319276701148,1.0906643556506186,1.670569579407372,0.42747650569456486,1.2787417255176738,3.9268833858843633,2.8082532775247544,4.0547268268397465,8.732997744300826,1.4695849390592444,14.917424200517521,2.496020258268336,6.346689285121605,12.88360715185711,12.467194020860607,2.260001598043012,8.413081825948531,3.997873373530261,10.757287998082349,2.566148576063144,0.009985315244883232,0.002770940125569997,0.05752937569812698,0.0066730242851833895,0.00004988717355630972,1955.1862009337715,2.9674915218312843,75.69%,23.47%,0.83%,500,214,200,369,74,533,735,39.74999999999999,56.949999999999996,78.51666666666667,62.18333333333334
Salt Lake City,17401,481497,16.40766172750271,61.613638891979086,83.59233827249729,36.05573478696184,0,2.3306263210590723,78.82716049382717,41.45958950901476,33.635250847652436,32.303925050415685,43.90612029280809,36.04308386337709,41686.5657146141,67377.59540142513,867.0874662375726,1090.414642251146,12.179255511384172,6.366114139503838,65.62266536405954,63.59333495328112,6.022642376874892,2.335217041850728,6.729498304695132,4.762231125012201,14.786506522613644,14.786506522613644,65.64077189510144,84.94662809060361,11.11331024245423,4.7351985466692526,4.9777337951509155,1.2130878924725224,12.548243443839683,3.1473001373381724,5.719940623453736,5.957785332916442,11068,179780,19.903406730369756,20.6402759034338,0.004457122481725798,0.04234266357639508,0.4022553039757532,3.4776698163665536,3.608040648957033,2.978472098413264,8.888616509181672,2.0268764485648063,4.800320912818684,10.514351934391158,1.9455339632733109,14.335220181850596,6.548627206275628,6.916339811018007,3.5690408272419325,4.772463897307897,3.208013906222143,12.297200927081477,3.2024425031199857,6.4617133178819754,2.681782070057787,0.00206462277594174,0.0005648680913691456,0.010648095305104048,0.0013132144637735292,0.00001298442157536538,1971.9216660643297,3.207625587278641,53.57%,42.53%,3.90%,333,78,132,300,0,421,663,32.63333333333333,48.93333333333334,74.75,55.25
St Louis,3725,645424,5.003679175864606,58.315609874583075,94.9963208241354,41.00309839629851,0,0.6812917291184085,80,48.732720520749496,31.8,36.98821704801805,60.8221171335031,33.74668557549096,65129,49749.55955309998,1050,858.1210320657428,13.171449595290655,16.087371221052507,37.664429530201346,50.11031507969954,52.32214765100671,40.7432943305486,6.416107382550336,2.8502193906641216,1.6107382550335572,1.6107382550335572,75.31486146095719,83.50542454486823,6.836991723641598,6.831286756958679,0,0.6069487813132571,13.494062612450522,3.659572294272779,4.354084202950693,5.396767622587051,2718,337594,20.075982209043737,24.305126075368353,0.7061460863067439,0,1.1432841397347282,0.6519708574631048,1.4776760694937419,1.7952549971978329,0.814496543994022,1.4029516159163087,8.143097328600785,11.85877078273865,1.1302073603586773,21.636465533345785,3.3420511862507003,8.477489258359798,2.6433775453017,3.523257986175976,5.680926583224361,12.056790584718849,2.607883429852419,10.907902110965814,2.4828264471921737,0.003808731145502732,0.0012008561343041441,0.05473325589765403,0.002779095638517161,0.000005057027586576675,1980,3.0997056659308315,65.38%,32.96%,1.66%,308,70,345,395,239,421,656,82.28333333333333,85.46666666666665,86.34999999999998,88.83333333333333
Orlando,12243,901133,15.982133129970585,59.4714915533025,83.28793986273014,37.65568753286325,0.7299270072992701,2.8728209138342478,76.08984582668793,48.72690035447027,35.39998366413461,35.51041966058284,58.580270067516885,33.76728403148771,57266,58511.113705745985,1331,1246.322242110765,18.030286523586447,14.420730474174542,59.17667238421955,37.75780045786804,7.122437311116557,19.18551423596739,6.5261782242914315,4.342422261752705,24.332271502082822,24.332271502082822,81.6400206291903,88.55728683662578,1.7148014440433215,2.716269181641616,0.5028365136668386,0.5448286119228011,5.453842186694172,1.3455582579482424,10.688499226405366,6.836057111861562,9179,370855,23.03927108348637,27.744764648710294,0.0008398703240219711,0.005039221944131826,1.2094132665916384,2.01568877765273,0.8054356407370702,0.9885273713738599,1.5613189323568442,1.85359380511649,1.8191591218315892,3.5207363983001025,2.0442443686694776,13.55970638133472,4.668839131238137,5.562461155997514,21.57458888347639,16.010447986830833,1.9434599297868411,3.537533804780542,2.062721515797961,15.256244435859104,2.3868512790472565,0.0020689536296169117,0.000783873447767985,0.020121051446864918,0.0015511660023077376,0.000007984586489521895,2000,3.3999346334023315,53.92%,44.96%,1.12%,284,224,193,337,368,421,739,67.3,76.10000000000001,85.98333333333335,78.06666666666666
Columbus,15291,1511488,9.988818486768542,65.57222495491064,89.82482295937385,33.34941415364436,0.18635855385762207,1.0783608914450036,81.915994206497,42.81359003706126,30.699954221437448,35.263206191514584,73.70577574659207,41.541510645498406,66000,70577.19853482132,1215,1015.4866032677733,9.932910920611256,7.435014567331341,76.03165260610817,65.39330778676377,11.92204564776666,20.293181288902062,4.728271532273887,5.393360714739383,3.544568700542803,3.544568700542803,75.71614019904803,89.04190342283307,3.9203807875378622,2.0730488174553523,1.6443098225876245,0.42400046437531846,13.794893985287754,2.3414835501493094,4.924275205538731,6.119563745186948,10732,634296,19.41210919902694,22.667839570679032,0,0.0020438194898626553,1.427267277087421,3.6563930673642906,1.8530630041421408,1.5860039241334205,1.753597122302158,1.5975855679093087,3.7231578373664704,10.740952692391541,2.4600773926313493,10.717108131676477,4.781175059952038,5.389551994767823,5.839873555700894,17.916802921299325,1.9102899498582953,7.126117287987792,3.6897754523653807,13.829163941574013,2.587033344036343,0.0011549027362078585,0.000692912271183578,0.011086341196228783,0.0008105693653118004,0.00000491987663437762,1981,3.1999627282892287,61.70%,36.69%,1.61%,443,190,158,447,142,644,720,35.699999999999996,56.833333333333336,75.4,58.48333333333334
Indianapolis,8356,1423902,5.847176079734219,72.26813530064527,94.15282392026579,26.250626772430234,0,1.4812379269244997,81.103515625,38.85077907095606,32,35.668442772044706,51.86740011580776,37.56894018440834,58636,66062.56794709187,1309,995.6590987301092,9.280177187153932,9.936788459167317,64.43274293920535,64.95425949257744,24.114408808042125,19.873137336698736,5.253709909047391,3.9034989767554227,4.009095260890378,4.009095260890378,59.4137273593899,91.2943393762897,4.408960915157293,1.1624672519450145,5.648236415633937,0.3319510319007922,25.26215443279314,1.470291872805561,5.266920877025726,5.7409504670589335,4515,608275,19.65931863727455,24.376331708568113,0.0026073069778052996,0,0.06518267444513248,0.9308085910764919,9.059088094384512,0.7672000782192093,1.3916500994035785,0.9275494573542353,3.1613597105889255,8.257993025453834,1.153733337678845,11.585568555877849,1.746243848385099,4.991037382263794,10.664537365968126,17.143695205814293,2.430010103314539,6.690349705048399,4.86067203337353,14.170713424371803,2.4792271153704735,0.002870944910566424,0.0005802746395299595,0.052710150006528,0.00155125852934507,0.0000018399721311422886,1977,3,57.60%,40.40%,2.00%,603,95,129,480,18,651,723,35.733333333333334,57.51666666666667,76.03333333333333,58.25
Charlotte,13498,1279046,11.029981192609801,69.26328198009205,88.53855514990596,28.78528192580471,0.431463657484235,1.9514360941032312,68.64149903554699,39.84056576139265,30.699955548970216,35.98208977628639,73.55897435897435,45.16354501753839,92786,75681.57455165804,1511,1175.794343596712,19.7035070251134,7.3353833268059265,59.60883093791672,50.7573613458781,24.522151429841458,28.04621569513528,3.9042821158690177,5.938801262816193,6.6824714772558895,6.6824714772558895,54.39919557566616,86.3349059456844,3.1875314228255403,2.597532208310651,0.6535947712418301,0.11083892820419766,30.618401206636502,1.6235710397387044,11.141277023629964,9.333151878062049,9039,515774,19.373117679866144,26.89247630575661,0.003158360179394858,0,0.04105868233213316,2.298496620554608,0.7777461941759838,1.0454172193796982,1.4465289621628452,0.6221969553407871,2.826732360558398,19.974259364537932,2.6514433706019833,15.299096708988694,12.707662181795213,13.34644052807782,1.6557703240477544,2.1682142631545704,3.3928684227149266,6.304876508116985,1.7173583475459542,11.720674625734318,2.3666215056486584,0.0028539519982949866,0.0006374412726578905,0.02677784210105671,0.0019111625509400196,0.000004504788462302898,2003,3.299922557805067,66.68%,31.60%,1.72%,422,374,69,422,155,688,657,48.333333333333336,64.21666666666665,81.68333333333334,65.89999999999999
San Francisco,14956,1081824,2.5186091567247884,35.15015536946331,97.48139084327521,64.53215357876442,0,0.31769105177226525,64.48598130841121,59.85583880407768,38.30108317732014,39.330494609104626,79.09564393939394,55.95509633970268,186852.3366541856,112244.16881026859,2685.0155790318267,1972.0558686070933,19.26175180993168,8.285458471585821,41.58197378978337,38.61820407016298,1.9256485691361327,4.940175111663265,43.60123027547473,35.33402845564528,7.114201658197379,7.114201658197379,18.548561540125462,44.50266231797333,23.599394332684405,32.001078082361,1.9684187756867835,3.4464945478230598,44.992429158555055,10.183065443770465,10.891196192948293,9.866699608072144,9807,474675,30.39152298850575,33.49221598313563,0.01507685990710088,0.0022454897733980034,2.5287422690994945,1.7951086817050326,1.3020632843174995,1.8464341622398441,4.0486180614366,3.2514691918803087,9.334500988015499,12.190122411271076,2.4812661996047938,30.541868760746272,5.72984833320502,8.41769959196243,1.9359329689224214,2.3661046526548106,1.2039033027946724,7.481330356455462,2.367387789668181,1.1602766443400827,2.3946895949101177,0.007352944791459257,0.004626632061925869,0.1532614066267948,0.00482149836653122,0.0000419415548474678,1995.0204955643928,3.0918731518303253,85.27%,12.72%,2.00%,504,455,478,491,156,768,836,55.25,59.26666666666667,67.21666666666667,65.85000000000001
Seattle,28191,987075,2.4477058852211226,50.92224646338719,97.46940367643474,48.64574134676987,0.0828904383441416,0.43201218984295187,84.38741909844441,50.351662183002645,39.104785215139586,36.862842235898995,52.6436044414158,60.35257954731104,66976.00564009791,94024.55021350962,1506.488184479189,1598.5713324722033,14.115754059193526,6.109422887122746,55.16299528218226,62.586125674340856,7.9493455358093,6.966947800319125,23.291121279841086,15.776207481700984,6.335355255223299,6.335355255223299,23.14433911643713,59.67364329785011,25.857032134978837,19.889633757598215,1.174506647588386,2.847849491637351,42.455136230847195,9.071845192201302,7.368985870148457,8.517028260713019,20509,462024,23.069554220676572,28.177410143233747,0.06474251437033433,0.028257782515228796,1.0551956762015817,2.234153285950874,1.8750290625927768,2.42265773386892,5.0731661951074685,3.294356670446294,8.506307923982988,5.136477935679564,2.7578164961065066,18.404758753652946,5.515275298763454,4.925438800439248,2.175491560223058,13.856686542499347,2.4205115731715603,9.052148128011332,4.4271718252023655,6.774356241214155,2.634186645303305,0.008349450152381685,0.0026624731504118052,0.08280115744922832,0.006074239054137703,0.00005531966855790666,1976.9989177489178,2.416402554975864,74.95%,22.24%,2.81%,433,350,482,476,70,545,752,42.81666666666666,53,68.60000000000001,56.03333333333334
Denver,15287,1485740,3.6864800879343873,58.4447096134028,96.31351991206562,40.36984688619679,0,1.1854435004004122,71.71665472412734,44.7887969454793,33.69994112644731,35.634813628225665,75.74202715503631,43.268659604640796,90384,73748.77591032078,1757,1366.9191534184986,17.400862433415067,5.32388722094778,79.4335055929875,55.95151237767039,2.9305946228821873,8.1645509981558,6.0181853862759205,4.247647636867823,8.628246222280369,8.628246222280369,45.80951543399877,81.58939361591206,10.685076070706183,5.319949157675751,2.093043707677425,1.3292735605018693,26.488435493800015,3.0511600887754646,14.923929293817611,8.710223577134856,11827,626854,25.40251636661211,26.95119837824985,0.16758010746596216,4.897990827821876,0.7907872686827966,2.09982049248275,0.8730863961927707,2.6234337820027314,2.2650151179919016,1.6847466319976623,4.2807473714970685,7.5977600324425545,3.2394844973491335,19.76908534658071,4.069035847830106,6.877344481485678,3.4398649817212448,1.9966483978506806,2.8345489351804916,11.836761469695434,2.4761302711696613,16.180127742558785,2.5799340521511014,0.00524242125994378,0.0007621936697373307,0.057503397611606784,0.00405587206393374,0.000006067323039013158,2002,2.799949268622643,64.76%,32.62%,2.62%,589,308,303,476,62,635,797,35.516666666666666,50.79999999999999,74.5,57.75
Minneapolis,5339,774773,2.707581227436823,51.34423065676356,97.29241877256317,48.20164921925259,0,0.4541201239838587,72.96730930427493,47.480638122964145,32.785165761378536,34.25698107703805,58.16229116945107,50.2643761673444,99095.3410751077,68244.66616028179,1618.4875444839859,1063.8089027366725,13.862815884476534,5.382186092753962,58.53156021726915,63.51899201443519,26.9526128488481,16.240369759916774,4.570144221764375,6.593673243646848,2.921895486046076,2.921895486046076,44.38356164383562,73.79335376110673,13.321917808219178,10.699220813062608,2.945205479452055,2.894322335373784,29.52054794520548,5.394281619424532,9.828767123287669,7.218821471032346,2770,341980,17.937453462397617,22.941367691664958,0,0,1.232977952744382,2.0532558667066683,0.21586260893744375,1.4312788579038642,1.303224767856228,1.1459011715119896,5.571450523558294,16.988021454548115,1.1437059585397444,22.411660971308567,8.344736245161384,5.891951617506091,1.8491010602878655,8.63889478344224,4.090413504950205,7.9810626294260985,1.741535624647851,7.964964400962966,2.4281328329782315,0.0034041429931336927,0.0020985861334144296,0.08713496639532563,0.0017661502324368473,0.0000075029506572350474,2005,2.703971119133574,65.51%,32.15%,2.35%,525,130,235,441,52,685,692,21.216666666666665,51.4,74.36666666666666,54.18333333333334
Tulsa,5264,670092,15.473441108545035,71.49343251001632,84.00692840646651,25.28184266080001,0.5196304849884527,3.2247248291836743,77.84663051897753,40.03717344164114,39.19547872340426,36.178291936032664,35.561618917689856,31.43816644640368,61373.26861702128,59355.99911952388,1113.080357142857,910.0625809590325,25.46189376443418,10.536724227006943,66.22340425531915,61.38037761978951,13.164893617021276,10.259785223521547,2.697568389057751,3.2856682366003476,7.541793313069908,7.541793313069908,78.31588132635254,92.0782027975086,0.9598603839441536,0.5834910758350982,1.4397905759162304,0.21178102217141145,9.642233856893542,1.371891223269674,9.642233856893535,5.75463388121522,3464,292273,0,19.908277353905095,0.05936096629329479,6.661332782738863,8.496360914675064,2.857069116812058,2.090538378155164,2.431218706447117,1.773086254064936,2.6247870747948174,5.863831105146337,9.149331543901305,1.713725287771641,15.707427863521396,1.1330201827285398,4.609508078253239,0.7071697723635988,9.09255148918598,1.9176173024312186,7.541423630826408,3.109998451453053,12.460641098435968,2.6635648388896414,0.0014982663487214927,0.0002884189273117171,0.011028082816786276,0.0009859412294778212,0.000001490964172393922,1967,3.522806004618938,38.89%,58.51%,2.61%,476,55,237,108,38,603,685,46.13333333333333,63.4,84.58333333333333,67.35000000000001
Bakersfield,12325,607203,42.9913566328448,75.23131852827227,48.15858699736941,20.771821427667064,8.850056369785793,3.996860044060672,68.22051936994465,43.00188896767105,30.2,30.84927446010642,19.647285753651143,17.853841356113424,33324,59349.04291645463,858,1131.4038122341292,11.724915445321308,6.430832341546175,36.503042596348884,32.66617589175284,13.168356997971603,5.32655471069807,2.2231237322515214,4.906266932146251,43.65111561866126,43.65111561866126,82.03975390440132,92.44957299799914,2.7922385234264078,0.9530069010844562,1.2068149550402272,0.38893996181316737,5.489824893516328,0.8282133304492153,8.471367723615714,5.38026680865402,5322,197455,17.391358641358643,23.081026764535913,3.3450577847964973,4.021606489124973,0.37685736845883283,5.56851625870361,3.0112698298758165,2.5985212834685236,4.854281817529251,2.765415260928864,1.5845955064245207,1.482305649271409,1.4948675615533702,5.069628885220013,1.8304500753714739,9.739071136314694,4.07364869715024,23.5338453808054,1.5110185916301773,6.959299404206446,3.327112195822267,12.852630823343622,2.6099015008995368,0.0011381518759097712,0.00018225590451712205,0.005145831653809013,0.0004914599824415256,0.0000015974326935804393,1971,4.199924840285607,43.69%,53.89%,2.42%,504,455,478,491,156,768,836,54.01666666666667,63.416666666666664,83.88333333333334,69.46666666666667
Wichita,1751,481827,2.0699500356887937,73.57754883583506,97.93004996431121,23.075991610843904,0,3.34645955332103,88.05834092980857,38.26669750579578,32.69960022844089,35.61813680013781,48.37177747625509,31.70216652193279,36791,61853.09148096723,872,901.0882038574011,21.698786581013565,9.951709072591388,83.7806967447173,66.49191514796804,7.59565962307253,9.079192324215953,0.799543118218161,4.651877126022411,7.19588806396345,7.19588806396345,84.76764199655766,92.98625554816991,0,0.5810836889165255,0,0.2971889272466068,11.876075731497417,1.42247571670562,3.3562822719449255,4.712996118961341,1401,206457,0,17.56444375333215,0.004129074880772963,0.3695522018291802,0.24980903028676427,4.932179945083305,4.934244482523691,2.0851828147903464,2.3659599066829076,0.8856865619258004,0.8423312756776845,3.720296467576439,0.8526539628796168,7.3353015256931675,3.804942502632285,8.85480108181762,17.740570225241033,13.018973099077153,3.994879947147841,5.120052852158474,2.8697070421372093,16.018745999958707,2.526406057799761,0.000683679389897163,0.00032496744360067996,0.018912266481124436,0.0005470216020821961,9.449021920410285e-7,1956,2.499643112062812,42.53%,55.09%,2.38%,385,118,178,389,35,627,669,42.11666666666667,61.18333333333334,84.46666666666667,65.56666666666666
Tampa,15586,805080,22.082873482492225,56.393969813533275,77.75659676933881,38.972345358764116,0.16052974816895757,4.633684827702613,62.2310570626754,49.736010533245555,37.39997433594251,35.81307323495802,54.10120786295097,34.646116309534094,72824,57574.45555224326,1597,1161.2335842400755,14.196849603692186,10.038762100201065,56.820223277300144,43.00926615988473,17.483639163351725,18.9648233715904,3.5673039907609394,4.471356883787946,19.620171949185167,19.620171949185167,80.37403501141677,87.43503105338345,1.2395346308578885,2.00960476590916,1.1742959660758943,0.7284627308740539,5.121235185386539,1.8383805635201262,12.090899206262911,7.988520886313206,9967,337701,22.247996113675008,26.558205620451414,0.012770262969184374,0.06876295444945431,1.1768288490063754,0.8811481448737217,1.31828406958811,0.8251554533934518,1.4047289266102811,0.9950981836756747,2.121828308726019,3.643454257900372,1.2534504268214814,12.103262311024666,3.0344109470623484,5.412626843092761,31.402076641224376,9.658248116386211,2.6120099411585573,5.3320759535948286,2.2966826786117744,14.447096729830353,2.2865550314094816,0.002360637781139828,0.0009345600902966973,0.015418360418468712,0.0015095904507006713,0.000011569981144715036,2002,3.7999398013444368,52.86%,45.98%,1.17%,284,224,193,337,368,421,739,67.28333333333335,75.95,85.95,78.63333333333334
El Paso,9590,849038,20.034246575342465,69.79057173649826,79.73030821917808,23.87801535452453,0.23544520547945205,6.3314129089772075,89.99727446170618,38.70697787092535,44.1,32.98324221059599,4.077027230329472,23.316846557422515,13574,47668.05826947675,432,868.7809921346277,21.46832191780822,9.374043668587092,2.7320125130344106,12.163413180564357,3.0865484880083423,2.9560514370381537,0.3753910323253389,1.1197378680341752,93.20125130344108,93.20125130344108,58.605003790750565,91.51243437943059,15.466262319939347,1.3739948215175253,0.37907505686125853,0.1428735651060056,17.28582259287339,1.5716092161660615,8.26383623957544,5.39908801777982,4672,300628,31.020606531881803,23.428119951248547,0.04574755666458723,0.004158868787689748,2.511956747764608,4.666250779787898,3.4144312746932832,6.284050738199209,5.909752547307132,2.0170513620295276,2.7365356622998545,5.8182574339779585,1.6469120399251402,7.652318569349137,0.9523809523809524,17.775005198585987,3.1815346225826575,15.574963609898107,2.3372842586816387,8.800166354751509,3.4435433562071114,5.227698066126014,2.6254770111105588,0.001683587392932444,0.00026615582542106,0.00422125744140361,0.0008202002398102584,0.0000014645752208584213,1949,3.5,66.66%,31.56%,1.78%,482,340,353,408,62,728,679,52.31666666666666,69.9,86.31666666666666,70.45
Boston,6504,1241758,2.3629489603024574,24.994967764939986,97.25897920604915,74.80527646620159,0.3780718336483932,0.1997557688584207,55.49433731251913,58.38451833529773,41.08487084870849,34.570248792437816,76.31814119749777,52.97604309604744,155949.22140221403,84382.68698087712,2969.019065190652,1666.2420439409289,22.802457466918717,7.615449057486336,82.81057810578106,52.58681643283152,3.2441574415744157,15.372882638968303,9.27121771217712,10.253366598000577,2.8290282902829027,2.8290282902829027,22.448979591836736,49.31152680775395,19.02332361516035,28.77402636904971,1.3605442176870748,2.8090232688730565,47.08454810495627,13.173557247979037,10.08260447035957,5.931866306344247,4232,521637,22.766240681576146,31.058370623043817,0.00043883130446993563,0.0008776626089398713,0.04695494957828312,1.8272935518128122,0.6674624140987722,1.657027005678477,2.0072143866454857,0.7951623236995233,4.889019563099553,19.974284485558062,2.9019914164596847,25.148983227867543,1.9370013779302961,9.42039161305611,1.847040960513959,4.178990512467197,1.6026119239242052,8.078445483987046,2.908573886026734,10.110234423682849,2.323737855102838,0.007084257351115139,0.0033858157985741737,0.24820824056848334,0.00460955982624835,0.000011539102191865004,1975.3936672967864,3.4180056710775046,82.61%,15.46%,1.92%,424,426,214,442,0,721,744,35.06666666666666,51.61666666666667,74.2,58.46666666666667
San Antonio,1441,1962300,7.46177370030581,68.45636333407862,92.53822629969419,28.82834849709624,0,2.715288168825138,84.47146866230122,41.12110711513866,53.299791811242194,34.07764816796616,48.02405498281787,28.37342364777368,36094,61503.823677317436,741,1080.4918208225042,34.6177370030581,8.219533449139764,45.038167938931295,28.051011568057895,2.8452463566967383,7.08775416602966,0.4857737682165163,2.745910411252102,48.299791811242194,48.299791811242194,70.18867924528301,90.0089958824436,3.5220125786163523,2.4063712271673463,0,0.1645055051958599,20.88050314465409,1.781031695456041,5.408805031446548,5.639095689737154,1635,697716,0,25.51137291909684,0.018099547511312215,0.028442146089204912,4.36716224951519,1.6522301228183582,1.1079508726567548,1.0678733031674208,2.4873949579831933,0.8778280542986426,3.4634776987718165,3.684550743374273,1.5229476405946993,6.542986425339367,5.100193923723335,6.352941176470588,16.3710407239819,16.577892695539752,1.2126696832579185,15.99612152553329,2.6334841628959276,8.934712346477053,2.499786997883452,0.00046688910589926213,0.000588061609066977,0.025061674074467678,0.0005297457932999955,4.899764209471067e-7,1951,2.6996941896024467,55.17%,43.29%,1.54%,482,340,353,408,62,728,679,60.1,75.56666666666666,88.71666666666665,75.45
San Diego,41159,2206746,4.078114004222379,58.083997378527194,95.73539760731879,39.82923677166849,0.1864883884588318,2.0867658498043085,74.62943954013551,49.99486113197404,38.49998785198863,35.91867709287793,53.313343328335826,40.71415060214975,71925,81254.35320739224,1700,1698.1029370847393,14.303307529908516,7.033019532422351,58.767219806117744,42.45844333693139,8.936077164168225,5.500633058811481,8.102723584149276,13.937172651496818,20.199713306931656,20.199713306931656,66.00738613048831,84.6279280799274,5.937628231432089,3.5187574954742153,1.6413623307345095,0.7487494243019804,13.96389002872384,2.721033839643592,12.449733278621247,8.383531160652812,28420,816335,24.147054822473134,25.603318169236022,0.0156589821661592,0,0.37233579817311874,1.816441931274467,7.577207481513702,1.298825576337538,2.5358851674641145,5.6468029578077426,1.811222270552414,3.751196172248804,2.6463679860809046,15.661591996520228,0.8012179208351458,4.9143105698129625,3.0221835580687255,4.45933014354067,5.317964332318399,22.174858634188777,4.905611135276207,11.270987385819922,2.4998292900637558,0.0033730310600114176,0.0011152791542465657,0.009420294962178683,0.002329054222054095,0.00001436333568235193,2001,2.8,60.23%,37.47%,2.31%,504,455,478,491,156,768,836,62.4,63.333333333333336,72.93333333333332,71.13333333333333
Dallas,19788,2879554,3.710994459025955,57.61756790254613,96.12860892388451,41.00862282658734,0.16039661708953046,1.3738092708665322,87.22954699121027,48.781897347680484,31.123357590458863,34.04159220490396,75.3983628069737,33.95463098923907,95078.25429553265,66688.07187293588,1725.4536082474226,1159.9140349512459,13.73578302712161,8.239580013456568,62.92197291287649,33.22893059133463,15.60541742470184,20.898305779297765,4.861532241762685,6.187555433931783,14.09945421467556,14.09945421467556,70.73677377474846,89.45766016713091,3.700097370983447,2.4596796657381614,0.38299253489126905,0.14603064066852367,14.216163583252191,1.5139275766016713,10.963972736124637,6.422701949860733,13716,1129560,22.375326232630318,27.866192571167495,0.03936525385018179,0.6272444693675192,1.2845699346016868,2.9089437114006973,1.1081690329145515,2.8005035781530268,2.4280191478536652,2.1491200380283204,4.091758178502857,8.280072640034463,3.292197880960958,16.18357577625681,1.0327808580882598,4.825957299840682,19.195017695795716,11.843742224433939,2.328863272589528,6.429162968437237,2.0555347175543037,7.095401321335597,2.5553144511126606,0.0035422708662900156,0.001071231799884239,0.04820284530920312,0.002455315706591563,0.000005102531630666493,2000.6916010498687,2.941819772528434,58.67%,39.57%,1.76%,482,340,353,408,62,728,679,54.20000000000001,69.81666666666666,90.26666666666667,72.85000000000001
San Jose,2107,1563539,0,63.54997942460291,98.36879432624114,33.244016693317604,1.6312056737588652,3.2060038820794867,86.40183346065699,42.91627439842922,36.199810156620785,37.638012227389275,70.65837221358217,48.31636468536801,135875,120050.1111356992,2709,2274.548636138913,7.163120567375887,4.396182559203591,45.84717607973422,27.831413223462924,9.06502135738016,2.675404962715992,28.00189843379212,38.36917403403433,15.282392026578073,15.282392026578073,57.340025094102884,87.11228651443676,20.26348808030113,4.376502353526167,0.37641154328732745,0.8467283796352356,10.727728983688834,1.7926475172682093,11.292346298619822,5.871835235133627,1410,532189,32.56122448979592,30.236804832635954,0.027759785324326824,0,0.015422102957959347,1.1412356188889918,1.3077943308349527,0.8698066068289071,0.9654236451682551,0.009253261774775609,18.651491317356033,5.292865735171648,2.6248419234446807,29.175534375867496,0.0030844205915918693,15.141420684124487,1.9123407667869592,2.026464328675858,1.933931710928102,13.852132876839086,1.3047099102433608,3.744486598192529,2.09258403999635,0.0023926786531501707,0.0007636245825551443,0.03681681756705348,0.0016011755581118847,6.886369072998841e-7,2006,2.9,72.66%,25.23%,2.11%,504,455,478,491,156,768,836,55.18333333333334,60.56666666666666,75.33333333333333,68.38333333333334
Austin,10848,1586610,2.064276885043263,59.63389514729324,97.6885043263288,37.19396192924952,0.2472187886279357,3.1721429234572405,66.73964034401877,45.33480943343605,35.099926253687315,34.901222102470044,77.98002912419389,48.847150114025304,122182,83368.90232256195,2262,1380.1292025135351,20.951792336217554,7.468910355766553,75.87573746312685,50.251164432343174,3.392330383480826,7.354989568955193,6.102507374631268,7.0689709506431955,12.850294985250738,12.850294985250738,55.95252661201518,84.47592297200454,2.6917900403768504,2.48641838315186,5.750642358986908,0.8759275955336707,15.906032056772299,1.8348475391266155,19.699008931848766,10.326883510183313,8090,635501,20.79585798816568,26.17615755092791,0.011098720476082256,0.3821130906765463,1.3931536749977538,2.260967914127614,1.4190506894419457,1.3022498691936515,3.768279856879357,0.39743989514351696,5.420932186817891,2.606613780382747,2.03952201510483,12.869759157765671,0.7214168309453467,3.673676477583227,21.853380617405964,5.542489601555935,2.117741568936267,9.187626512200666,3.19167490262194,19.84081263774305,2.4077228267387545,0.0025717502434130313,0.0005390854330159273,0.04485651136674254,0.0019179073994479556,0.0000027487543587263736,2005,2.9,63.35%,34.56%,2.09%,482,340,353,408,62,728,679,57.36666666666667,73.13333333333334,88.8,73.88333333333334
Jacksonville,6523,1231272,8.422791081750619,68.1085328561826,90.37985136251032,26.553059350355497,1.1973575557390588,5.338407793461899,88.97280966767372,38.309557713423004,37.79993867852215,37.95414985478432,19.89004516002356,32.29785019984391,33967,64751.37984133481,612,1162.2043163492713,18.001651527663086,11.7074232913933,35.45914456538403,58.81040095121143,53.77893607235934,24.187263252961166,3.173386478614135,4.22091950438246,5.135673769737851,5.135673769737851,65.7104736490994,89.18397274701795,8.072048032021348,1.4278251199793048,0,0.45052082020994066,14.676450967311542,1.6045394760049787,11.54102735156771,7.33314183678783,2422,528135,0,26.10174471403998,0.001139614126656714,0.09914642901913413,1.0461657682708636,2.2040137209540847,1.8484541134371903,0.9743700782914906,1.3219523869217882,1.6171124457258772,2.8672691426682926,8.757934563356848,0.7829149050131625,10.294134406090098,1.2740885936022062,5.331114884500108,20.592827268686822,28.074394010188154,2.9823701694606206,5.20575733056787,1.9567174554695779,2.7681227136491584,2.2974791548652984,0.0012686147283388848,0.00030827537677032517,0.01706571727686782,0.00047103861291380945,6.063996927874e-7,1967,3.0999174236168456,47.26%,51.49%,1.24%,284,224,193,337,368,421,739,62.9,73.96666666666667,86.01666666666667,75.93333333333332
