city,total_pop,pct_singlefam,pct_renter,median_age,bachelor_plus,median_hhinc,median_rent,pct_vacant,pct_nhwhite,pct_nhblack,pct_nhasian,pct_hisp,pct_commute_auto,pct_commute_public_transit,pct_commute_bicycle,pct_commute_walk,pct_commute_others,housing_units,total_jobs,pct_jobs_agriculture_forestry_fishing_hunting,pct_jobs_mining_quarrying_oil_gas,pct_jobs_utilities,pct_jobs_construction,pct_jobs_manufacturing,pct_jobs_wholesale_trade,pct_jobs_retail_trade,pct_jobs_transport_warehouse,pct_jobs_information,pct_jobs_finance_insurance,pct_jobs_real_estate,pct_jobs_professional_science_techical,pct_jobs_management_of_companies_enterprises,pct_jobs_administrative_support_waste,pct_jobs_educational_services,pct_jobs_healthcare_social_assistance,pct_jobs_arts_entertainment_recreation,pct_jobs_accomodation_food_services,pct_jobs_other,pct_jobs_public_administration,population_density,employment_density,housing_density,employment_entropy,pct_others
Vancouver,126465,0.3007619302232322,67.53940689286668,42.72826086956522,49.12767644726407,43280.53249145796,1026.8139039568323,9.80567074934902,60.41010770505385,2.0629660314830156,0.11184755592377796,35.231980115990055,30.915729934846425,24.343094436886947,37.53848356841126,5.491515715615379,1.7111763442399939,74810,12263,0.3669575144744353,2.3974557612329774,0.1712468400880698,3.7674304819375357,2.430074206964038,4.3382532822311015,8.056756095572046,1.500448503628802,3.9468319334583706,7.045584277909158,6.564462203376009,26.469868710755932,2.0875805267878986,5.2678789855663375,1.6146130636875153,6.76832748919514,2.218054309712142,8.081219929870342,6.482916089048357,0.42403979450379187,0.024560037916497825,0.0023815264695371276,0.014528418428286106,2.554952793500753,2.183098591549303
Hamilton,60785,20.91026886945254,67.88427347664458,40.415044247787606,25.122621149695902,36089.209301591436,600.7220088273481,11.215947990679737,66.4437585733882,6.018518518518518,0.034293552812071325,17.1639231824417,59.770554493307834,22.562141491395792,14.340344168260039,2.6577437858508604,0.6692160611854745,30870,2235,0.22371364653243847,0.0447427293064877,0.2684563758389262,4.787472035794184,3.131991051454139,2.3266219239373602,10.87248322147651,1.610738255033557,1.7897091722595078,4.787472035794184,8.411633109619688,16.778523489932887,0.44742729306487694,4.026845637583893,1.74496644295302,16.286353467561522,1.9239373601789709,10.425055928411632,9.48545861297539,0.6263982102908278,0.005250502744678583,0.00019305541884275123,0.0026664969931435036,2.4941509198114513,10.33950617283952
Montreal,109750,0.5718427835051546,71.03459398435609,39.241176470588236,52.16940542221762,36046.29496964113,711.2203859914356,17.598184303784024,47.63734699686877,8.786412373090426,0.02846569883290635,31.620647120220134,29.293245641507465,33.917945505793924,30.953126631172356,4.468107318091659,1.3675749034345932,62080,10547,0.13273916753579218,0.3034038115103821,0.16118327486489048,1.829904238171992,1.8867924528301887,4.076988717170759,10.211434531146297,1.7161278088555987,4.712240447520622,6.987769033848488,6.314591827059828,21.295155020384943,1.6118327486489048,5.3474921778704845,1.441168104674315,6.399924149047123,2.607376505167346,13.02740115672703,9.035744761543567,0.9007300654214468,0.013148618803734085,0.0012635852621684137,0.007437505743378698,2.532188768655436,11.92712781098777
Calgary,50664,2.9240737664063796,66.93482186833032,37.800000000000004,51.75994752951465,53451.83611284126,939.4651310255547,15.63707100180632,60.59548254620123,5.492813141683778,0.02053388090349076,28.275154004106778,41.92526915769474,18.429385687143764,33.97720075997467,3.752374920835972,1.9157694743508498,30095,7122,0.15445099691098005,9.309182813816344,0.7301319853973602,3.5804549283909015,1.2496489750070205,3.7629879247402416,7.259196854816063,1.6147149677057007,1.7972479640550407,8.508845829823084,4.858185902836282,27.66076944678461,2.808199943836001,4.703734905925302,0.9547879809042403,6.037629879247403,1.2075259758494805,8.087615838247682,4.956472900870542,0.7582139848357203,0.010391312764689907,0.0014607399634873185,0.0061725595620824,2.5063388932434587,5.616016427104718
Halifax,27888,7.262382864792503,82.25751943224063,36.60652173913043,51.08359133126935,36500.99404084014,794.2991877599761,17.131782945736433,63.78105590062112,5.221273291925465,0.07763975155279502,21.21506211180124,31.356560415122313,15.789473684210526,48.739807264640476,2.7798369162342476,1.3343217197924324,14940,2033,0.19675356615838663,0.4426955238563699,0.24594195769798327,3.541564190850959,1.8199704869650764,2.1642892277422527,9.296606000983768,1.574028529267093,3.689129365469749,5.509099852434826,5.804230201672405,17.06837186424004,0.8362026561731432,3.984259714707329,1.7215937038858828,13.52680767338908,2.6561731431382194,11.264141662567633,10.772257747171668,3.8858829316281356,0.010995175687821886,0.0008015344296235619,0.0058902726899045825,2.5773198719226516,9.70496894409937
London,34468,22.424242424242426,69.79560938682816,41.188524590163944,32.23085827683148,36029.24160017006,639.7653592231012,16.328857360020265,77.46628277011668,2.106379754508259,0.030307622367025305,8.6225185634187,60.4989604989605,14.90941490941491,21.205821205821206,2.4057024057024057,0.9801009801009792,19800,2093,0.09555661729574773,0.1433349259436216,0.1433349259436216,5.351170568561873,1.9589106545628285,2.2933588150979456,11.275680840898232,0.7644529383659818,1.6244624940277115,6.402293358815098,6.593406593406593,19.78021978021978,0.8122312470138557,5.016722408026756,1.6244624940277115,15.33683707596751,1.767797419971333,8.838987099856665,9.794553272814142,0.3822264691829909,0.00685334548676826,0.0004161556256181376,0.0039368759614138195,2.450076764172908,11.774511289589356
Edmonton,71004,10.758444869343531,68.1633172220809,40.65648148148147,35.863300592580565,47507.70588625933,846.8592449004345,13.10441020191287,58.6191470325082,10.19982105577095,0.07456009543692216,22.35311661198926,57.337406134657,21.57311951126384,17.06758304696449,2.800050910016546,1.2218403970981222,39225,5016,0.19936204146730463,0.39872408293460926,0.13955342902711323,4.6650717703349285,1.854066985645933,2.192982456140351,10.287081339712918,1.555023923444976,1.3955342902711323,4.884370015948964,5.422647527910685,20.23524720893142,1.0167464114832536,4.625199362041467,1.1961722488038278,13.058213716108453,1.1961722488038278,9.828548644338118,10.685805422647528,5.16347687400319,0.007375271461915535,0.0005210179940984779,0.0040743482493047845,2.5119631168349463,8.753355204294657
Mississauga,84858,11.339109287125702,40.36613272311213,40.26896551724139,38.00269522661181,59208.37357210996,654.0558325340425,5.701352280540917,31.935522246014752,5.5852962169878655,0.03568879371877231,58.01213418986438,72.79106029106029,22.414241164241165,3.7941787941787943,0.14293139293139295,0.8575883575883572,32895,2223,0.1349527665317139,0,0.0449842555105713,6.3877642825011245,2.5191183085919926,4.093567251461988,14.754835807467387,6.3877642825011245,1.934322986954566,4.49842555105713,5.623031938821413,21.09761583445794,0.7197480881691408,5.1731893837157,1.1695906432748537,8.27710301394512,1.2595591542959963,7.107512370670265,8.412055780476834,0.4048582995951417,0.016002564510031618,0.00041921446305357525,0.006203355718464848,2.496239989338056,4.431358553414231
Ottawa,76517,6.4658681242004885,74.33025404157044,40.10615384615384,51.35928910309511,46939.44083090209,825.6355862375308,15.89400116482237,67.16644786844469,7.710909970289505,0.055275340288813646,16.865888205624266,31.011629361010378,23.633862698511944,36.53870201325497,7.377766662498438,1.4380392647242672,42995,4495,0.08898776418242492,0.04449388209121246,0.04449388209121246,2.825361512791991,1.6240266963292547,1.6240266963292547,10.522803114571746,0.6229143492769744,2.4916573971078977,3.5150166852057843,5.361512791991101,21.446051167964406,0.489432703003337,4.649610678531702,1.7352614015572858,9.610678531701891,1.4682981090100111,13.058954393770856,15.572858731924361,3.203559510567297,0.007978008612330684,0.000468669037108439,0.004482853225912644,2.404843199520787,8.201478615352727
Winnipeg,56690,13.19066830380635,78.66526537046768,37.75714285714286,27.86020441806792,31162.839293650308,574.0768814716306,11.602655581063473,51.68665667166417,10.635307346326837,0.06559220389805098,23.894302848575713,46.64568168404485,27.168994688176273,20.834153059216998,4.328152665748574,1.0230179028133026,28505,3818,0.3143006809848088,0.1571503404924044,0.1571503404924044,4.26925091671032,2.671555788370875,2.5144054478784703,8.355159769512834,1.4929282346778419,2.566788894709272,7.5955997904662125,4.662126767941331,15.531691985332635,1.3881613410162388,4.085908852802515,1.3619696176008382,13.803038239916187,1.9905709795704558,8.748035620743845,11.367207962283919,6.966998428496595,0.010380098003908619,0.0006990865087127025,0.005219345450721735,2.6003116566873548,13.718140929535238
Toronto,269794,1.1031946678924385,64.13528408345361,39.45,57.30939853502528,50162.9271377395,1029.8374100194424,10.979013628878747,53.67313761116955,5.726307736444487,0.06885339963660705,37.712537056517164,22.001824755854425,33.80529179197783,36.81951812928733,6.0115567870780255,1.3618085358023846,152285,17220,0.06968641114982578,0.7897793263646922,0.2148664343786295,1.7886178861788617,1.7363530778164924,2.8687572590011614,9.866434378629501,0.7839721254355401,4.454123112659698,8.94308943089431,5.691056910569106,24.54703832752613,1.8699186991869918,4.663182346109175,1.7363530778164924,9.686411149825783,2.346109175377468,9.448315911730546,7.973286875725901,0.5226480836236934,0.024111407525732927,0.0015389461500000777,0.013609664021647028,2.483573102718254,2.8191641962321867
Quebec,39314,0.9149511332917446,70.89319175515303,44.808571428571426,41.18837646378488,35254.71227990889,565.6854157016071,11.474625547418398,50.59136212624584,3.362126245847176,0,3.4684385382059797,37.37902171069841,20.32435260266806,36.25425058854303,4.78681663614962,1.2555584619408826,24045,1956,0.15337423312883436,0.35787321063394684,0.05112474437627812,2.658486707566462,2.658486707566462,1.738241308793456,15.030674846625766,3.5787321063394684,3.067484662576687,3.067484662576687,4.4989775051124745,14.979550102249489,0.7157464212678937,3.834355828220859,1.8404907975460123,7.617586912065439,3.936605316973415,16.257668711656443,11.554192229038854,2.4028629856850716,0.010070162251546512,0.0005010234869009761,0.0061590540606001895,2.5306590032402423,42.57807308970101
Columbus,15291,9.988818486768542,81.915994206497,30.7,73.70577574659207,66000,1215,0.09932910920611256,76.03165260610817,11.92204564776666,4.728271532273887,3.544568700542803,75.71614019904803,3.9203807875378622,1.6443098225876245,13.794893985287754,4.924275205538731,10732,146784,0,0.0020438194898626553,1.427267277087421,3.6563930673642906,1.8530630041421408,1.5860039241334205,1.753597122302158,1.5975855679093087,3.7231578373664704,10.740952692391541,2.4600773926313493,10.717108131676477,4.781175059952038,5.389551994767823,5.839873555700894,17.916802921299325,1.9102899498582953,7.126117287987792,3.6897754523653807,13.829163941574013,0.0011549027362078585,0.011086341196228783,0.0008105693653118004,2.587033344036343,3.773461513308476
Indianapolis,8356,5.847176079734219,81.103515625,32,51.86740011580776,58636,1309,0.09280177187153932,64.43274293920535,24.114408808042125,5.253709909047391,4.009095260890378,59.4137273593899,4.408960915157293,5.648236415633937,25.26215443279314,5.266920877025726,4515,153415,0.0026073069778052996,0,0.06518267444513248,0.9308085910764919,9.059088094384512,0.7672000782192093,1.3916500994035785,0.9275494573542353,3.1613597105889255,8.257993025453834,1.153733337678845,11.585568555877849,1.746243848385099,4.991037382263794,10.664537365968126,17.143695205814293,2.430010103314539,6.690349705048399,4.86067203337353,14.170713424371803,0.002870944910566424,0.052710150006528,0.00155125852934507,2.4792271153704735,2.1900430828147535
Charlotte,13498,11.029981192609801,68.64149903554699,30.7,73.55897435897435,92786,1511,0.19703507025113398,59.60883093791672,24.522151429841458,3.9042821158690177,6.6824714772558895,54.39919557566616,3.1875314228255403,0.6535947712418301,30.618401206636502,11.141277023629964,9039,126648,0.003158360179394858,0,0.04105868233213316,2.298496620554608,0.7777461941759838,1.0454172193796982,1.4465289621628452,0.6221969553407871,2.826732360558398,19.974259364537932,2.6514433706019833,15.299096708988694,12.707662181795213,13.34644052807782,1.6557703240477544,2.1682142631545704,3.3928684227149266,6.304876508116985,1.7173583475459542,11.720674625734318,0.0028539519982949866,0.02677784210105671,0.0019111625509400196,2.3666215056486584,5.28226403911691
San Francisco,14956,2.5186091567247884,64.48598130841121,43.86666666666667,79.09564393939394,128797.33333333333,1961,0.19261751809931682,41.58197378978337,1.9256485691361327,43.60123027547473,7.114201658197379,18.548561540125462,23.599394332684405,1.9684187756867835,44.992429158555055,10.891196192948293,9807,311736,0.01507685990710088,0.0022454897733980034,2.5287422690994945,1.7951086817050326,1.3020632843174995,1.8464341622398441,4.0486180614366,3.2514691918803087,9.334500988015499,12.190122411271076,2.4812661996047938,30.541868760746272,5.72984833320502,8.41769959196243,1.9359329689224214,2.3661046526548106,1.2039033027946724,7.481330356455462,2.367387789668181,1.1602766443400827,0.007352944791459257,0.1532614066267948,0.00482149836653122,2.3946895949101177,5.7769457074083945
Seattle,28191,2.4477058852211226,84.38741909844441,43.4,52.6436044414158,145812.5,1011.6666666666666,0.14115754059193525,55.16299528218226,7.9493455358093,23.291121279841086,6.335355255223299,23.14433911643713,25.857032134978837,1.174506647588386,42.455136230847195,7.368985870148457,20509,279569,0.06474251437033433,0.028257782515228796,1.0551956762015817,2.234153285950874,1.8750290625927768,2.42265773386892,5.0731661951074685,3.294356670446294,8.506307923982988,5.136477935679564,2.7578164961065066,18.404758753652946,5.515275298763454,4.925438800439248,2.175491560223058,13.856686542499347,2.4205115731715603,9.052148128011332,4.4271718252023655,6.774356241214155,0.008349450152381685,0.08280115744922832,0.006074239054137703,2.634186645303305,7.261182646944043
Denver,15287,3.6864800879343873,71.71665472412734,33.7,75.74202715503631,90384,1757,0.17400862433415068,79.4335055929875,2.9305946228821873,6.0181853862759205,8.628246222280369,45.80951543399877,10.685076070706183,2.093043707677425,26.488435493800015,14.923929293817611,11827,167681,0.16758010746596216,4.897990827821876,0.7907872686827966,2.09982049248275,0.8730863961927707,2.6234337820027314,2.2650151179919016,1.6847466319976623,4.2807473714970685,7.5977600324425545,3.2394844973491335,19.76908534658071,4.069035847830106,6.877344481485678,3.4398649817212448,1.9966483978506806,2.8345489351804916,11.836761469695434,2.4761302711696613,16.180127742558785,0.00524242125994378,0.057503397611606784,0.00405587206393374,2.5799340521511014,2.989468175574032
Washington DC,20576,4.522350127074301,73.58022650243862,29.166666666666668,80.83778392638827,79544,1860,0.09575422335177157,59.661741835147744,14.444012441679627,8.743195956454121,12.898522550544323,14.762134916799004,27.149071325001728,3.500655941448595,46.71684043361182,7.8712973831388595,13378,329562,0,0,0.06887930040477967,1.212518433557267,0.43208865099738436,0.5923012968728191,1.7899515113999793,0.11105649316365358,3.5623039063969757,3.288607303026441,2.101273811907926,23.950273393170328,0.41995132934015456,8.364131787038556,3.5741377950127746,3.8815154659821216,1.268653546221955,9.048980161547751,12.5478665622857,23.785509251673435,0.007231374098142989,0.11582358624281686,0.004701658373102493,2.1970645808762357,4.252527216174187
Cleveland,6896,10.528506034124012,93.38196977592496,33.9,37.4188621611302,36182,923,0.20141489804411153,37.514501160092806,28.291763341067284,23.999419953596288,5.988979118329466,53.319171534784914,9.638874137015401,0.3186404673393521,31.412639405204462,5.3106744556558745,4806,105764,0.0009455013047918006,0.01512802087666881,1.6366627585946067,2.4157558337430505,2.5868915699103665,3.0170946635906355,1.152566090541205,2.2068000453840626,3.4151507129079834,10.364585303127718,1.613025225974812,18.250066185091335,6.552324042207178,6.620400136152188,6.706440754888241,6.07484588328732,5.80254150750728,7.782421239741311,2.4961234446503537,11.290231080518891,0.000919769577447506,0.014106512411420828,0.0006410111063243495,2.633707444552124,4.205336426914158
Honolulu,25446,25.85827285329854,56.10651110274746,41.8,41.56688158837376,74170,1480,0.13332789692571148,15.263695669260393,1.5405171736225733,42.50962823233514,7.5728994733946395,70.78753937696885,8.757437871893595,0.5810290514525726,12.145607280364018,7.728386419320966,12263,95048,0.099949499200404,0,2.6555003787559968,5.569817355441461,1.5581600875347192,2.6733860786129116,6.276828549785371,4.702886962376905,4.55033246359734,6.402028448783772,2.776491877788065,9.692997222456022,5.731840754145274,10.508374715933003,1.7380691860954465,17.664758858681928,1.0615688915074488,4.603989563168084,5.127935358976518,6.6050837471593296,0.0028572253070259603,0.010672543856881376,0.0013769611703237975,2.684678177384871,33.11325945138725
Cincinnati,14097,15.453947986104591,73.18904041035907,33.4,63.73955684707592,66185,1102,0.24955403248521266,62.68709654536426,28.105270624955665,3.4830105696247426,2.5111725899127477,61.209127264173134,4.728299223712068,0.7410021171489062,25.735121147965184,7.586450247000702,10651,107996,0.0388903292714545,0.023149005518722916,0.4074224971295233,1.6102448238823661,4.938145857253973,2.7602874180525205,2.130634467943257,2.3436053187155084,4.823326789881107,10.70965591318197,1.9408126226897293,14.548686988406978,12.924552761213379,7.134523500870403,1.852846401718582,6.046520241490425,6.081706729878884,9.76147264713508,2.409348494388681,7.514167191377459,0.0020084592651207545,0.015386647286371642,0.0015174930575868027,2.6319696026764565,3.2134496701425874
Pittsburgh,21893,32.81463568499632,76.87224669603523,28.700000000000003,38.25637863254451,61284,1183.5,0.14078435495741773,47.252546476042575,40.04476316630887,4.709267802493948,3.763760105969945,41.68602721539993,17.2585462993694,1.5930965814802522,32.06106870229007,7.401261201460343,9511,166649,0.010201081314619349,0.3384358742026655,0.8328882861583329,2.1176244681936285,1.5169607978445714,1.958007548800173,1.649574854934623,1.418550366338832,2.5712725548908186,21.115638257655313,1.1605230154396367,12.573732815678461,4.834712479522829,4.0000240025442695,12.945172188251956,10.523315471439973,4.235248936387257,7.182761372705507,2.261639733811784,6.753715893884752,0.002699470500334829,0.02054830582424971,0.0011727339299632102,2.5128679151357667,4.2296624491846515
Salt Lake City,17401,16.40766172750271,78.82716049382717,34.2,43.90612029280809,43132.5,888.5,0.12179255511384171,65.62266536405954,6.022642376874892,6.729498304695132,14.786506522613644,65.64077189510144,11.11331024245423,4.9777337951509155,12.548243443839683,5.719940623453736,11068,89744,0.004457122481725798,0.04234266357639508,0.4022553039757532,3.4776698163665536,3.608040648957033,2.978472098413264,8.888616509181672,2.0268764485648063,4.800320912818684,10.514351934391158,1.9455339632733109,14.335220181850596,6.548627206275628,6.916339811018007,3.5690408272419325,4.772463897307897,3.208013906222143,12.297200927081477,3.2024425031199857,6.4617133178819754,0.00206462277594174,0.010648095305104048,0.0013132144637735292,2.681782070057787,6.838687431756796
St Louis,3725,5.003679175864606,80,31.8,60.8221171335031,65129,1050,0.13171449595290655,37.664429530201346,52.32214765100671,6.416107382550336,1.6107382550335572,75.31486146095719,6.836991723641598,0,13.494062612450522,4.354084202950693,2718,53530,0.7061460863067439,0,1.1432841397347282,0.6519708574631048,1.4776760694937419,1.7952549971978329,0.814496543994022,1.4029516159163087,8.143097328600785,11.85877078273865,1.1302073603586773,21.636465533345785,3.3420511862507003,8.477489258359798,2.6433775453017,3.523257986175976,5.680926583224361,12.056790584718849,2.607883429852419,10.907902110965814,0.003808731145502732,0.05473325589765403,0.002779095638517161,2.4828264471921737,1.9865771812080553
Orlando,12243,15.982133129970585,76.08984582668793,35.4,58.580270067516885,57266,1331,0.18030286523586447,59.17667238421955,7.122437311116557,6.5261782242914315,24.332271502082822,81.6400206291903,1.7148014440433215,0.5028365136668386,5.453842186694172,10.688499226405366,9179,119066,0.0008398703240219711,0.005039221944131826,1.2094132665916384,2.01568877765273,0.8054356407370702,0.9885273713738599,1.5613189323568442,1.85359380511649,1.8191591218315892,3.5207363983001025,2.0442443686694776,13.55970638133472,4.668839131238137,5.562461155997514,21.57458888347639,16.010447986830833,1.9434599297868411,3.537533804780542,2.062721515797961,15.256244435859104,0.0020689536296169117,0.020121051446864918,0.0015511660023077376,2.3868512790472565,2.842440578289647
San Antonio,1441,7.46177370030581,84.47146866230122,53.3,48.02405498281787,36094,741,0.346177370030581,45.038167938931295,2.8452463566967383,0.4857737682165163,48.299791811242194,70.18867924528301,3.5220125786163523,0,20.88050314465409,5.408805031446548,1635,77350,0.018099547511312215,0.028442146089204912,4.36716224951519,1.6522301228183582,1.1079508726567548,1.0678733031674208,2.4873949579831933,0.8778280542986426,3.4634776987718165,3.684550743374273,1.5229476405946993,6.542986425339367,5.100193923723335,6.352941176470588,16.3710407239819,16.577892695539752,1.2126696832579185,15.99612152553329,2.6334841628959276,8.934712346477053,0.00046688910589926213,0.025061674074467678,0.0005297457932999955,2.499786997883452,3.331020124913252
San Diego,41159,4.078114004222379,74.62943954013551,38.5,53.313343328335826,71925,1700,0.14303307529908516,58.767219806117744,8.936077164168225,8.102723584149276,20.199713306931656,66.00738613048831,5.937628231432089,1.6413623307345095,13.96389002872384,12.449733278621247,28420,114950,0.0156589821661592,0,0.37233579817311874,1.816441931274467,7.577207481513702,1.298825576337538,2.5358851674641145,5.6468029578077426,1.811222270552414,3.751196172248804,2.6463679860809046,15.661591996520228,0.8012179208351458,4.9143105698129625,3.0221835580687255,4.45933014354067,5.317964332318399,22.174858634188777,4.905611135276207,11.270987385819922,0.0033730310600114176,0.009420294962178683,0.002329054222054095,2.4998292900637558,3.994266138633101
Dallas,19788,3.710994459025955,87.22954699121027,31.200000000000003,75.3983628069737,88435,1622,0.1373578302712161,62.92197291287649,15.60541742470184,4.861532241762685,14.09945421467556,70.73677377474846,3.700097370983447,0.38299253489126905,14.216163583252191,10.963972736124637,13716,269273,0.03936525385018179,0.6272444693675192,1.2845699346016868,2.9089437114006973,1.1081690329145515,2.8005035781530268,2.4280191478536652,2.1491200380283204,4.091758178502857,8.280072640034463,3.292197880960958,16.18357577625681,1.0327808580882598,4.825957299840682,19.195017695795716,11.843742224433939,2.328863272589528,6.429162968437237,2.0555347175543037,7.095401321335597,0.0035422708662900156,0.04820284530920312,0.002455315706591563,2.5553144511126606,2.511623205983419
San Jose,2107,0,86.40183346065699,36.2,70.65837221358217,135875,2709,0.07163120567375887,45.84717607973422,9.06502135738016,28.00189843379212,15.282392026578073,57.340025094102884,20.26348808030113,0.37641154328732745,10.727728983688834,11.292346298619822,1410,32421,0.027759785324326824,0,0.015422102957959347,1.1412356188889918,1.3077943308349527,0.8698066068289071,0.9654236451682551,0.009253261774775609,18.651491317356033,5.292865735171648,2.6248419234446807,29.175534375867496,0.0030844205915918693,15.141420684124487,1.9123407667869592,2.026464328675858,1.933931710928102,13.852132876839086,1.3047099102433608,3.744486598192529,0.0023926786531501707,0.03681681756705348,0.0016011755581118847,2.09258403999635,1.803512102515434
Austin,10848,2.064276885043263,66.73964034401877,35.1,77.98002912419389,122182,2262,0.20951792336217553,75.87573746312685,3.392330383480826,6.102507374631268,12.850294985250738,55.95252661201518,2.6917900403768504,5.750642358986908,15.906032056772299,19.699008931848766,8090,189211,0.011098720476082256,0.3821130906765463,1.3931536749977538,2.260967914127614,1.4190506894419457,1.3022498691936515,3.768279856879357,0.39743989514351696,5.420932186817891,2.606613780382747,2.03952201510483,12.869759157765671,0.7214168309453467,3.673676477583227,21.853380617405964,5.542489601555935,2.117741568936267,9.187626512200666,3.19167490262194,19.84081263774305,0.0025717502434130313,0.04485651136674254,0.0019179073994479556,2.4077228267387545,1.7791297935103074
Jacksonville,6523,8.422791081750619,88.97280966767372,37.8,19.89004516002356,33967,612,0.18001651527663087,35.45914456538403,53.77893607235934,3.173386478614135,5.135673769737851,65.7104736490994,8.072048032021348,0,14.676450967311542,11.54102735156771,2422,87749,0.001139614126656714,0.09914642901913413,1.0461657682708636,2.2040137209540847,1.8484541134371903,0.9743700782914906,1.3219523869217882,1.6171124457258772,2.8672691426682926,8.757934563356848,0.7829149050131625,10.294134406090098,1.2740885936022062,5.331114884500108,20.592827268686822,28.074394010188154,2.9823701694606206,5.20575733056787,1.9567174554695779,2.7681227136491584,0.0012686147283388848,0.01706571727686782,0.00047103861291380945,2.2974791548652984,2.452859113904644
Fort Worth,9282,18.614415675297412,67.93789158267502,35.5,42.12531752751905,72560,1366,0.1436902262654537,51.76686059039001,20.060331825037707,2.4455936220642105,23.410902822667527,80.70801317233808,2.9088913282107574,0.6586169045005488,10.647639956092206,5.076838638858403,4287,117654,0.10879358117871045,2.4002583847552996,0.3416798408893875,2.2328182637224403,3.392999813011032,3.1703129515358595,2.668842538290241,2.79803491593996,1.3624696142927568,6.946640148231255,1.3709691128223436,6.87269451102385,1.7848946912132184,5.6368674248219355,17.065293147704285,19.56499566525575,2.2013701191629695,7.4574600098594175,2.471654172403828,10.15095109388546,0.0008306177775649977,0.010528496444907588,0.00038363051200400184,2.565010261668388,2.3163111398405505
Sacramento,11908,9.650293646556326,92.800715456849,34,40.12693935119887,33938,917,0.10451147891083823,50.285522337924085,15.057104467584818,8.313738663083642,20.364460866644272,59.88261695149318,5.472121525979631,7.250129466597619,22.717072328672536,4.678059727257029,7492,102654,0.019482923217799597,0.01363804625245972,1.0939661386794475,2.3097005474701424,2.43731369454673,1.368675356050422,1.4982367954487892,1.074483215461648,1.1485183236892864,1.5712977575155378,1.0520778537611783,7.908118534104858,0.8465330138133926,2.619479026633156,0.6692384125314161,3.008163344828258,3.5712198258226664,6.6125041401211835,4.244354822997643,56.932998227053986,0.0032923303466983107,0.028381834011586195,0.002071392253733939,1.7934715691892356,5.979173664763188
Kansas City,14801,7.765257168358808,85.56390977443608,29.4,49.008471313053526,46368,1002,0.109673100524378,51.51003310587122,32.35592189716911,5.871224917235321,7.93189649348017,76.7757382282522,5.392771633793182,0.513054383764679,10.51191426291187,6.806521491278076,8963,91116,0.06475262302998375,0.07133763554150753,1.5068703630536897,6.288686948505203,12.273365819395057,8.686729004785109,1.934896176302735,9.798498617147372,3.2069010931120765,7.293998858597832,2.367311997892796,13.164537512621274,4.79498661047456,7.927257561789368,1.4102901795513412,3.031300759471443,3.0104482198516176,5.320690109311207,2.1631766100355594,5.6839632995302685,0.0024902508219796222,0.015330159711877256,0.0015080141961626482,2.6977319178806187,2.3309235862441753
Atlanta,6628,2.933673469387755,72.52663622526636,21.8,23.672400897531787,20909,1108,0.16198979591836735,28.138201569100787,58.70549185274593,3.892576946288473,5.974652987326494,39.718565592374034,18.157058556513846,0.6354970494779846,25.55605991829324,15.932818883340897,1568,146950,0,0,0.8261313371895204,0.6709765226267438,0.7315413405920381,1.4338210275603946,0.79346716570262,1.4215719632528072,12.69547465124192,5.309969377339232,1.0316434161279346,12.206192582511058,5.52705001701259,5.164341612793468,5.863899285471249,10.92208234093229,2.698877169105138,7.0908472269479415,3.4174889418169445,22.194624021776114,0.002452271718218144,0.05436954269646293,0.0005801391149918602,2.4465747948703656,3.2890766445383193
Omaha,8557,3.613030602171767,86.41304347826086,30.8,49.54402255015752,57188,1020,0.12813425468904244,62.39336215963539,16.617973588874605,5.773051303026762,10.2839780296833,74.89427143406382,2.825836216839677,0,17.896962706651287,4.382929642445212,5065,41762,0.009578085340740386,0,2.4903021885925005,3.634883386810976,5.706144341746085,1.2810689143240266,1.815047172070303,2.2053541497054736,3.5343134907332026,15.686509266797566,1.1062688568555146,8.979455006944113,6.0030649873090365,2.0185814855610364,10.140797854508882,4.523250802164648,4.008428715099852,10.696326804271825,2.3466309084813943,13.813993582682821,0.001843127194731116,0.008995287823578458,0.0010909710460807647,2.613695132465911,4.931634918779949
Colorado Springs,16248,57.10940548978796,60.12684989429176,33.9,41.30856667590796,44689,835,0.07701313906595551,72.94436238306254,6.173067454455933,1.8648449039881831,13.897095027080256,75.89150005845902,1.227639424763241,3.1801707003390627,10.101718695194668,9.598971121244015,7687,42378,0,0.007079144839303412,5.5476898390674405,5.526452404549531,1.8736136674689696,1.779225069611591,4.407947519939592,1.0807494454669875,1.533814715182406,2.3549955165416017,1.5408938600217092,8.931521072254471,0.32800037755439143,3.7967813488130635,11.114257397706357,21.548916890839585,1.4016706781820756,9.995752513096418,4.157817735617537,13.072820803246968,0.0012968578494380603,0.0033824619610712775,0.0006135491315011305,2.492371335666392,5.120630231413088
Raleigh,10525,36.843185550082104,74.50932881027381,31.4,43.16251027678816,51281,1036,0.15291461412151067,36.32304038004751,52.28503562945368,1.814726840855107,7.192399049881234,69.79207532365633,5.84542958022754,1.7850137308748528,9.886229894076108,12.691251471165168,4872,52918,0.0018897161646320723,0.0037794323292641447,0.706753845572395,3.6622699270569563,2.159945576174459,3.12748025246608,1.861370422162591,1.0298953097244794,6.069768320798216,3.5621149703314563,1.0298953097244794,17.020673494841073,2.845912543935901,8.902452851581693,2.898824596545599,2.0975849427416002,0.5990400241883669,6.821875354321781,2.5227710797838165,33.07570202955516,0.002264801689445228,0.011387057083331362,0.0010483718604253824,2.279490853367086,2.3847980997624774
Miami,18477,1.1398455693099645,67.02096820948884,35.2,76.37006482027107,101248,2279,0.36579237651672997,37.473615846728364,2.056610921686421,3.442117226822536,55.27953672132922,60.300007853608726,6.746249901829891,0.023560826199638733,14.717662766040995,18.212518652320746,16318,79043,0.022772415014612298,0.027832951684526142,0.0037954025024353835,0.6287716812367952,0.3921915919183229,2.6112369216755438,3.8915526991637464,9.949015093050619,1.5029793909644118,14.072087344862922,2.9034829143630683,18.4317396859937,1.2879065824930733,9.598572928659085,1.136090482395658,15.95713725440583,1.0386751514998165,12.270536290373595,3.0299963311109144,1.2436268866313274,0.017549741840134647,0.07507627018832942,0.015499090076707104,2.3528993928380535,1.7481192834334536
Oakland,15785,5.012825994014536,91.41714285714285,37,53.94052044609665,55291,1220,0.06477126977340744,32.898321191004115,25.49255622426354,24.26354133671207,10.250237567310737,33.31108144192256,41.46639964396974,2.837116154873164,13.607031597685804,8.778371161548726,9356,86702,0,0,3.9191714147309176,2.6977463034301397,1.4786279439920649,2.310211990496182,2.215635164125395,6.95485686604692,3.413992756799151,7.766833521718068,1.5997324167839266,12.148508684920763,4.41973656893728,4.35630089271297,6.421997185762727,8.594957440428134,0.641277017831192,4.900694332310673,4.844178911674471,21.315540587299026,0.007129198142479182,0.039158424919178335,0.004225579842954401,2.597487746986778,7.095343680709547
Minneapolis,5339,2.707581227436823,72.96730930427493,36,58.16229116945107,80037,1534.5,0.13862815884476534,58.53156021726915,26.9526128488481,4.570144221764375,2.921895486046076,44.38356164383562,13.321917808219178,2.945205479452055,29.52054794520548,9.828767123287669,2770,136661,0,0,1.232977952744382,2.0532558667066683,0.21586260893744375,1.4312788579038642,1.303224767856228,1.1459011715119896,5.571450523558294,16.988021454548115,1.1437059585397444,22.411660971308567,8.344736245161384,5.891951617506091,1.8491010602878655,8.63889478344224,4.090413504950205,7.9810626294260985,1.741535624647851,7.964964400962966,0.0034041429931336927,0.08713496639532563,0.0017661502324368473,2.4281328329782315,7.02378722607228
Tulsa,5264,15.473441108545035,77.84663051897753,38.3,35.561618917689856,66095,1177.5,0.2546189376443418,66.22340425531915,13.164893617021276,2.697568389057751,7.541793313069908,78.31588132635254,0.9598603839441536,1.4397905759162304,9.642233856893542,9.642233856893535,3464,38746,0.05936096629329479,6.661332782738863,8.496360914675064,2.857069116812058,2.090538378155164,2.431218706447117,1.773086254064936,2.6247870747948174,5.863831105146337,9.149331543901305,1.713725287771641,15.707427863521396,1.1330201827285398,4.609508078253239,0.7071697723635988,9.09255148918598,1.9176173024312186,7.541423630826408,3.109998451453053,12.460641098435968,0.0014982663487214927,0.011028082816786276,0.0009859412294778212,2.6635648388896414,10.372340425531917
Bakersfield,12325,42.9913566328448,68.22051936994465,30.2,19.647285753651143,33324,858,0.11724915445321307,36.503042596348884,13.168356997971603,2.2231237322515214,43.65111561866126,82.03975390440132,2.7922385234264078,1.2068149550402272,5.489824893516328,8.471367723615714,5322,55724,3.3450577847964973,4.021606489124973,0.37685736845883283,5.56851625870361,3.0112698298758165,2.5985212834685236,4.854281817529251,2.765415260928864,1.5845955064245207,1.482305649271409,1.4948675615533702,5.069628885220013,1.8304500753714739,9.739071136314694,4.07364869715024,23.5338453808054,1.5110185916301773,6.959299404206446,3.327112195822267,12.852630823343622,0.0011381518759097712,0.005145831653809013,0.0004914599824415256,2.6099015008995368,4.4543610547667285
Wichita,1751,2.0699500356887937,88.05834092980857,32.7,48.37177747625509,36791,872,0.21698786581013563,83.7806967447173,7.59565962307253,0.799543118218161,7.19588806396345,84.76764199655766,0,0,11.876075731497417,3.3562822719449255,1401,48437,0.004129074880772963,0.3695522018291802,0.24980903028676427,4.932179945083305,4.934244482523691,2.0851828147903464,2.3659599066829076,0.8856865619258004,0.8423312756776845,3.720296467576439,0.8526539628796168,7.3353015256931675,3.804942502632285,8.85480108181762,17.740570225241033,13.018973099077153,3.994879947147841,5.120052852158474,2.8697070421372093,16.018745999958707,0.000683679389897163,0.018912266481124436,0.0005470216020821961,2.526406057799761,0.628212450028542
Tampa,15586,22.082873482492225,62.2310570626754,37.4,54.10120786295097,72824,1597,0.14196849603692185,56.820223277300144,17.483639163351725,3.5673039907609394,19.620171949185167,80.37403501141677,1.2395346308578885,1.1742959660758943,5.121235185386539,12.090899206262911,9967,101799,0.012770262969184374,0.06876295444945431,1.1768288490063754,0.8811481448737217,1.31828406958811,0.8251554533934518,1.4047289266102811,0.9950981836756747,2.121828308726019,3.643454257900372,1.2534504268214814,12.103262311024666,3.0344109470623484,5.412626843092761,31.402076641224376,9.658248116386211,2.6120099411585573,5.3320759535948286,2.2966826786117744,14.447096729830353,0.002360637781139828,0.015418360418468712,0.0015095904507006713,2.2865550314094816,2.5086616194020337
New Orleans,17393,15.672029060716138,69.02782396630084,23.900000000000002,57.84210155644763,34495,828,0.33123285640151234,55.919047892830456,30.66176047835336,2.0640487552463638,8.871385039958604,56.50977694802004,7.821558416036161,5.925125282499755,18.944679178539843,10.798860174904199,13489,97506,0.0840973888786331,1.5927224991282587,0.21844809550181526,1.288125858921502,1.2912025926609645,1.5486226488626342,4.190511353147499,1.8727052694193176,4.133078990010871,4.041802555740159,1.6347711935675753,9.877340881586774,2.3608803560806515,7.849773347281193,5.056099111849527,12.937665374438495,4.968924989231431,27.41985108608701,2.7198326256845733,4.9135437819211125,0.0022507049547471525,0.012617560933569588,0.0017455159624322624,2.4804554606081344,2.4837578336112287
Memphis,14684,20.17117742308582,69.18140144073345,33.1,66.03020308974136,72850,1266,0.1169326856349757,54.49468809588668,32.9950967038954,6.0133478616180875,4.2222827567420325,83.79358764334192,1.4977767376550433,0.912707699508542,6.763398080973555,7.0325298385209365,8646,72154,0.019402943703744766,0,0.6361393685727749,1.0782493001081022,2.587521135349392,1.3748371538653434,4.4515896554591565,1.9998891260359788,1.4122571167225655,3.983147157468747,1.2445602461402,3.36502480804945,1.2237713778861878,2.864706045402888,7.414696343931036,31.28586079773817,2.189760789422624,6.43761953599246,4.035812290378912,22.395154807772265,0.002147100040473801,0.010550385202965583,0.0012642213940299975,2.2472322861577188,2.274584581857802
Louisville,7194,5.48172757475083,92.67480577136516,37,18.854869399757828,19628,339,0.2516611295681063,40.72838476508201,49.7775924381429,3.5446205170975813,2.835696413678065,50.39322444041138,17.543859649122805,0.5444646098003629,24.258923169993952,7.259528130671502,3612,88093,0,0.12373287321353568,0.7560192069744475,1.7424767007594246,6.439785226976038,2.528010171069211,1.935454576413563,1.7424767007594246,3.0467801073865117,18.77674730114765,0.9489970826285857,10.143825275561055,1.8071810473022827,5.9369075863008405,2.188596142712815,21.344488211322126,1.6868536660120554,7.43872952447981,1.7595041603759662,9.653434438604656,0.0017866873168049442,0.021878599638490124,0.0008970690281205807,2.4414316170716552,3.1137058659994423
Baltimore,39040,26.27547531117494,82.55194459243474,32.15,44.38939383585048,42767.5,1106,0.14421191811425704,30.965676229508198,55.16393442622951,5.489241803278688,4.84375,47.95544948289579,24.327764518695304,1.8456642800318217,20.540970564836915,5.3301511535401715,21933,138826,0.0007203261636869175,0,1.4154409116447928,1.5508622304179331,1.1899788224107877,0.8687133534064225,2.04932793568928,0.3853744975725008,2.6421563684036133,6.601789290190599,1.8353910650742655,10.944635731059025,1.8303487819284572,7.594398743751171,9.656692550386815,18.89991788281734,3.371126446054774,8.146888911299035,2.766052468557763,18.250183683171738,0.005239139755797577,0.018630348763789814,0.002943392732169781,2.448786948494892,3.537397540983605
Milwaukee,24921,7.343557595432665,78.96279306829766,30.6,67.2872340425532,55606,985,0.12145975596104332,79.67978813049235,7.054291561333814,5.505397054692829,5.08005296737691,68.40731070496084,7.8717849008388425,1.655463585356369,16.504638631187156,5.560802177656797,17866,102552,0,0.004875575317887511,0.9556127623059522,0.7284109524923941,4.013573601684999,1.0706763398080974,2.9038926593338013,0.8015445822607067,2.4397378890709103,14.715461424448083,2.0808955456743896,12.356658085654107,4.914579920430611,7.860402527498245,4.602543100085811,9.24019034246041,3.7522427646462284,10.754544036196272,2.372454949684063,14.43170294094703,0.004558652522240374,0.01875923652585349,0.003268122706245597,2.5522610424058456,2.6804702861040823
Albuquerque,19191,48.768243934182394,65.15118317265556,35.6,28.342435633732887,30366,714,0.15143627405410431,26.580167786983484,3.08477932364129,1.667448283049346,61.440258454483875,82.73737484871823,4.191880294861921,2.2004620970403783,5.259104411926504,5.611178347452963,10757,89732,0.05683591138055543,0.07243792626933536,0.47474702447287476,6.255293540765836,4.436544376588062,3.960682922480275,3.4123835421031514,3.455846297864753,3.576204698435341,2.4695760709668795,0.7823296037088219,4.542415191904784,1.3573752953238534,4.3953104800962866,10.087817055231133,28.526055364864263,2.24334685507957,7.584808095216868,1.9725404537957472,10.337449293451611,0.001139283136763309,0.005326984233653549,0.0006385945861165607,2.4725690606844184,7.227346151842003
Tucson,5234,45.159275452841975,75.99118942731278,34.4,46.64536741214057,43527,854,0.14928169893816365,48.949178448605274,3.9166985097439815,2.0061138708444783,39.37714940771876,67.75256222547584,8.308931185944363,9.04099560761347,9.407027818448023,5.490483162518302,3202,35487,0.0084537999830924,0.1521683996956632,3.6689491926621014,2.1219037957561926,2.099360329134613,1.425874263814918,1.8795615295742103,1.0708146645250374,0.8425620649815425,0.3691492659283681,2.806661594386677,3.809845859046975,0.9355538647955588,1.938738129455857,24.578014484177306,10.045932313241469,2.288161862090343,6.024741454617184,1.9922788626821089,31.941274269450787,0.001397393809817746,0.0094744581828434,0.0008548824950394389,2.158535083103882,5.7508597630875045
Fresno,7650,15.752523036419483,87.15551181102363,33.2,13.050426136363635,28529,800,0.10838086880210619,21.39869281045752,8.993464052287582,3.294117647058824,62.23529411764706,86.09483217900906,1.4384656366542354,0,5.966968566862014,6.49973361747469,2279,45361,0.47397544145852166,0,2.0634465730473317,3.1811468001146355,7.744538259738542,5.237979762350918,2.369877207292608,2.8526707964991953,2.012742223495955,1.3690174378871718,0.8112695928220278,3.4986001190449945,1.044950508145764,3.3883732721941757,7.305835409272282,26.386102599149048,1.876060933400939,3.829280659597452,4.007848151495779,20.54628425299266,0.0014407042840518932,0.008542717258676854,0.0004291980474972895,2.410252834557642,4.078431372549016
Nashville,2773,5.562177195073501,56.38376383763838,38.2,56.87782805429864,81679,1589,0.46166070719110053,72.77316985214568,18.75225387666787,0,6.130544536602957,64.4853875476493,1.9059720457433291,0,27.255400254129608,6.35324015247777,2517,72398,0.0013812536257907678,0,0.07458769579270146,2.3149810768253265,2.371612475482748,3.0525705129975966,1.9544738804939363,1.1851156109284788,5.022238183375231,4.83991270477085,1.201690654437968,11.650874333545126,4.674162269675958,8.674272769966022,0.5815077764579132,3.2832398685046544,4.668637255172794,18.196635266167576,3.1119644189065996,23.14014199287273,0.002066472911543334,0.05395185930397198,0.0018756986362620165,2.4149437011752535,2.3440317345834956
Oklahoma City,4402,9.414381022979985,92.19982471516214,32.2,25.381903642773207,53178,1116,0.1541882876204596,47.751022262607904,22.217174011812812,3.6801453884597906,11.49477510222626,66.61290322580645,1.7741935483870968,0,28.70967741935484,2.9032258064516157,1349,48286,0.03106490494139088,5.89404796421323,2.0150768338648883,3.3322288033798615,1.5780971710226566,2.3754297311850228,2.1041295613635422,1.0127159010893427,2.5079733256016237,3.433707492855072,1.6360849935799195,11.27656049372489,8.273619682723771,12.469452843474299,0.660646978420246,12.280992420163194,3.2079691836142983,10.806444932278508,1.7831255436358364,13.320631238868408,0.002144330700414788,0.023521388505276797,0.0006571336017400157,2.612688016198332,14.856883234893232
El Paso,9590,20.034246575342465,89.99727446170618,44.1,4.077027230329472,13574,432,0.2146832191780822,2.7320125130344106,3.0865484880083423,0.3753910323253389,93.20125130344108,58.605003790750565,15.466262319939347,0.37907505686125853,17.28582259287339,8.26383623957544,4672,24045,0.04574755666458723,0.004158868787689748,2.511956747764608,4.666250779787898,3.4144312746932832,6.284050738199209,5.909752547307132,2.0170513620295276,2.7365356622998545,5.8182574339779585,1.6469120399251402,7.652318569349137,0.9523809523809524,17.775005198585987,3.1815346225826575,15.574963609898107,2.3372842586816387,8.800166354751509,3.4435433562071114,5.227698066126014,0.001683587392932444,0.00422125744140361,0.0008202002398102584,2.6254770111105588,0.6047966631908248
Boston,6504,2.3629489603024574,55.49433731251913,44.2,76.31814119749777,153021,2967,0.22802457466918716,82.81057810578106,3.2441574415744157,9.27121771217712,2.8290282902829027,22.448979591836736,19.02332361516035,1.3605442176870748,47.08454810495627,10.08260447035957,4232,227878,0.00043883130446993563,0.0008776626089398713,0.04695494957828312,1.8272935518128122,0.6674624140987722,1.657027005678477,2.0072143866454857,0.7951623236995233,4.889019563099553,19.974284485558062,2.9019914164596847,25.148983227867543,1.9370013779302961,9.42039161305611,1.847040960513959,4.178990512467197,1.6026119239242052,8.078445483987046,2.908573886026734,10.110234423682849,0.007084257351115139,0.24820824056848334,0.00460955982624835,2.323737855102838,1.8450184501844973
Portland,1036,0,89.32291666666666,43.5,19.1129883843717,20593,0,0,55.4054054054054,15.250965250965251,2.8957528957528957,15.444015444015443,3.6585365853658534,38.61788617886179,0,45.9349593495935,11.788617886178862,384,90175,0.2539506515109509,0.0011089548100914888,0.698641530357638,4.1652342667036315,2.3310230108123093,3.0962018297754366,5.571388965899639,0.698641530357638,5.9661768782922096,9.99611865816468,2.1702245633490436,21.585805378430827,5.645688938175769,5.995009703354588,2.4485722206820073,5.619074022733574,2.18242306626005,11.198225672303854,3.056279456612143,7.3202107014139175,0.0016097679976257476,0.14011663048832218,0.0005966707635987327,2.595833580968594,11.003861003861005
Las Vegas,42592,26.560381758039153,81.99894305720703,34.3,8.219663418954827,25310,737,0.1791117618350415,19.19609316303531,15.582738542449286,3.1156085649887304,58.0273290758828,75.37606278613472,10.052321778940485,0.8240680183126227,3.649444081098757,10.09810333551341,18441,55558,0.019799128838331112,0.0017999208034846464,0.008999604017423233,1.5443320493898267,1.0763526404838188,1.9385147053529646,12.300658771014076,0.9971561251304942,2.0231109831167426,1.299542820115915,1.0583534324489723,5.4717592425933255,0.8963605601353541,2.555887540948198,0.25558875409481985,3.3892508729615898,4.015623312574246,22.75639871845639,3.320853882429173,35.069656935094855,0.0030744346380912864,0.004010364378828787,0.001331133761294173,2.050998082856071,4.078230653643875
Detroit,7150,2.93140512018761,87.47067104645706,32.2,53.61570247933884,64509,1380,0.16709009185069376,46.027972027972034,36.41958041958042,9.692307692307692,5.160839160839161,57.976298997265275,5.446672743846856,1.2989972652689152,28.30446672743847,6.973564266180485,5117,94938,0,0,4.540858244327877,1.5273125618824916,2.6775369188312372,1.9381069750784723,1.5294191998988813,2.136130948619099,2.7059765320524973,17.478775621984873,0.7952558511870905,11.135688554635657,8.19376856474752,5.870146832669743,1.7727358907918853,4.206956118730119,3.9299332195748806,12.305925972740104,2.2172365122501003,15.038235479997471,0.002254089122585563,0.02992988994685709,0.0016131711944434024,2.5397302985473367,2.699300699300693
New York,68267,1.7325031334654104,79.67559907892407,35.333333333333336,78.79437398143556,151299.83333333334,2980.3333333333335,0.20108761573606113,58.417683507404746,4.3520295311058055,20.523825567257973,13.754815650314208,4.202258427434477,48.74994791449644,1.81049210383766,35.5431476311513,9.69415392308013,49466,1164072,0.009020060614807332,0.0014603907662069013,0.01632201444584184,1.7488608952023588,0.9132596609144452,4.813619776096324,4.24801902287831,1.147008088846738,8.724975774694348,19.3036169584012,3.1710237854703145,18.094928836017015,3.273165233765609,11.105069102254843,1.5792837556439807,6.185012610903793,2.088874227711001,7.293277391776454,3.350050512339443,2.933151901256967,0.014064146202678466,0.23981834266108554,0.010190825084765596,2.4793151168689307,2.951645743917261
Los Angeles,49096,2.277188849627012,95.09783979496359,39.5,36.02899301061351,40109.25,1746.3333333333333,0.12263982582003784,20.698223887893107,16.00130356851882,17.26413557112596,41.79770246048558,43.57679566938676,27.5915003635776,1.1634483315827746,16.87000080795023,10.798254827502632,28017,363082,0.05425771588787106,0.008262596328102192,4.29737635024595,1.4412722194986258,2.139737029100864,5.305963942029624,3.1565872172126404,1.5522664301727984,2.1011782462363873,5.682738334591084,1.4255732864752315,10.259941280482094,1.5365674971494043,5.00162497727786,6.836747621749358,6.783316165494297,4.3819302526701955,6.5943781294583586,2.466385003938504,28.973895704000753,0.010510005869813446,0.0777251497316198,0.005997613541929349,2.497851732291042,4.238634511976528
Chicago,21390,2.5419911191196345,63.41463414634146,33.480000000000004,88.99599326403809,134639.6,2322.2,0.17678100263852242,65.35296867695185,3.83356708742403,20.32725572697522,7.237026647966339,20.658287618915352,19.220887438372337,1.4165682938684814,43.67752239427817,15.02673425456566,15539,615800,0.0003247807729782397,0.05521273140630075,0.36927573887625853,0.6386813900617083,0.7388762585254953,1.88194218902241,1.7711919454368303,2.8825917505683663,4.903052939265995,15.462487820721012,2.0250081195193244,22.47093212081845,2.1271516726209807,9.490094186424164,11.781747320558624,5.4470607340045465,1.4641117245859046,5.241312114322832,3.2973367976615786,7.951607664826242,0.009123585556327585,0.26266030788155803,0.006627928749872573,2.4388627668762615,3.2491818606825547
Houston,16503,3.2371354405252712,83.80068207654415,44.099999999999994,35.89425253779303,160685,2258,0.19407543136356695,37.28413015815306,36.605465672907954,3.4720959825486273,19.978185784402836,57.5030012004802,7.6830732292917165,0.8231864174241125,21.368547418967587,12.622191733836388,6549,195977,0.06276246702419161,5.013853666501681,4.163243645938044,4.113237777902509,3.2442582547952057,2.1293315031865987,1.37056899534129,4.501038387157677,1.3547508125953556,6.162457839440343,1.0531848125035081,15.089015547742848,5.5195252504120385,7.192680773764268,2.933507503431525,4.088234843884742,2.819718640452706,5.859361047469856,2.3910969144338363,20.938171316021776,0.0029833537429944604,0.0354280262068003,0.0011839049665437024,2.640123000354511,2.660122401987522
Phoenix,15663,36.79877044681085,67.7577971340264,33.8,45.99962525763537,43045.5,1036.5,0.2185750356789988,55.46191661878312,7.220838919747175,3.868990614824746,29.770797420672924,70.66365902884958,4.084055562151252,2.552534726344533,10.35260595987178,12.347144722782854,9109,175486,0.005698460276033416,0.8712945762055092,3.5672361327969186,2.6150234206717347,2.6611809489076053,2.559178509966607,1.0986631412192427,1.3659209281652098,2.5415132831109037,9.462293288353486,3.5210786045610476,9.244042259781407,0.830835508245672,7.908893017106777,0.6416466270813626,11.185507675825992,3.2811734269400405,6.817068028218776,3.7131167158633738,26.1086354467023,0.0015541225176010848,0.01741216523806065,0.0009038180433396082,2.4949743269829097,3.677456425972032
Philadelphia,56479,10.950084781687156,67.04653371320039,34.300000000000004,77.57603648077647,84544.75,1737.5,0.1351473081814328,68.34752739956444,7.468262540059137,15.193257670992757,5.125798969528497,25.21724118087127,21.853599585659207,2.891753467226794,38.54232606318697,11.495079703055758,37744,325398,0.0003073159638350574,0.0006146319276701148,1.0906643556506186,1.670569579407372,0.42747650569456486,1.2787417255176738,3.9268833858843633,2.8082532775247544,4.0547268268397465,8.732997744300826,1.4695849390592444,14.917424200517521,2.496020258268336,6.346689285121605,12.88360715185711,12.467194020860607,2.260001598043012,8.413081825948531,3.997873373530261,10.757287998082349,0.009985315244883232,0.05752937569812698,0.0066730242851833895,2.566148576063144,3.8651534198551474
