city,state,Season,school_closing,workplace_closing,cancel_public_events,restrict_gatherings,stay_at_home,income_support,debt_relief,facial_coverings,vaccination_policy,composite_closing,composite_economic
Vancouver,British Columbia,Season_1,2.47826087,2.239130435,1.826086957,2.597826087,0.684782609,1.695652174,0.826086957,0.913043478,0,1.965217391,1.260869565
Montreal,Quebec,Season_1,2.608695652,2.423913043,1.891304348,3.326086957,1.52173913,1.695652174,0.826086957,0.913043478,0,2.354347826,1.260869565
Calgary,Alberta,Season_1,2.510869565,2.065217391,1.717391304,2.586956522,0.489130435,1.695652174,1.195652174,1.065217391,0,1.873913043,1.445652174
Halifax,Nova Scotia,Season_1,2.456521739,1.695652174,1.77173913,3.293478261,1.206521739,1.695652174,1.597826087,0.913043478,0,2.084782609,1.64673913
London,Ontario,Season_1,2.510869565,2.097826087,1.826086957,3.27173913,0.695652174,1.695652174,1.47826087,0.913043478,0,2.080434783,1.586956522
Edmonton,Alberta,Season_1,2.510869565,2.065217391,1.717391304,2.586956522,0.489130435,1.695652174,1.195652174,1.065217391,0,1.873913043,1.445652174
Mississauga,Ontario,Season_1,2.510869565,2.097826087,1.826086957,3.27173913,0.695652174,1.695652174,1.47826087,0.913043478,0,2.080434783,1.586956522
Ottawa,Ontario,Season_1,2.510869565,2.097826087,1.826086957,3.27173913,0.695652174,1.695652174,1.47826087,0.913043478,0,2.080434783,1.586956522
Winnipeg,Manitoba,Season_1,1.641304348,2.054347826,1.869565217,2.554347826,0.869565217,1.695652174,1.380434783,0.913043478,0,1.797826087,1.538043478
Toronto,Ontario,Season_1,2.510869565,2.097826087,1.826086957,3.27173913,0.695652174,1.695652174,1.47826087,0.913043478,0,2.080434783,1.586956522
Quebec,Quebec,Season_1,2.608695652,2.423913043,1.891304348,3.326086957,1.52173913,1.695652174,0.826086957,0.913043478,0,2.354347826,1.260869565
Columbus,Ohio,Season_1,2.5,2.141304348,1.836956522,3.402173913,1.391304348,1.554347826,0.717391304,1,0,2.254347826,1.135869565
Indianapolis,Indiana,Season_1,2.543478261,2.304347826,1.684782609,3.184782609,1.02173913,1.52173913,1.608695652,0.630434783,0,2.147826087,1.565217391
Charlotte,North Carolina,Season_1,2.467391304,2.108695652,1.52173913,2.413043478,1.380434783,1.543478261,0.880434783,1.543478261,0,1.97826087,1.211956522
San Francisco,California,Season_1,2.630434783,2.27173913,1.826086957,3.456521739,1.456521739,1.673913043,1.793478261,1.902173913,0,2.32826087,1.733695652
Seattle,Washington,Season_1,2.52173913,2.27173913,1.858695652,3.380434783,1.72826087,1.619565217,0.815217391,0.630434783,0,2.352173913,1.217391304
Denver,Colorado,Season_1,2.391304348,2.097826087,1.684782609,3.434782609,1.25,1.619565217,1.586956522,0.836956522,0,2.17173913,1.60326087
Washington DC,Washington DC,Season_1,1.72826087,2.326086957,1.630434783,2.576086957,1.293478261,1.434782609,1.652173913,0.97826087,0,1.910869565,1.543478261
Cleveland,Ohio,Season_1,2.5,2.141304348,1.836956522,3.402173913,1.391304348,1.554347826,0.717391304,1,0,2.254347826,1.135869565
Honolulu,Hawaii,Season_1,2.315217391,2.119565217,0.869565217,2.956521739,1.532608696,1.434782609,0.717391304,1.152173913,0,1.958695652,1.076086957
Cincinnati,Ohio,Season_1,2.5,2.141304348,1.836956522,3.402173913,1.391304348,1.554347826,0.717391304,1,0,2.254347826,1.135869565
Pittsburgh,Pennsylvania,Season_1,2.576086957,2.065217391,1.630434783,3.043478261,1.630434783,1.434782609,1.5,1.152173913,0,2.189130435,1.467391304
Salt Lake City,Utah,Season_1,2.597826087,1.22826087,1.25,2.945652174,0.717391304,1.434782609,0.717391304,0.630434783,0,1.747826087,1.076086957
St Louis,Missouri,Season_1,2.52173913,1.793478261,1.739130435,3.380434783,1.380434783,1.434782609,0.836956522,0.630434783,0,2.163043478,1.135869565
Orlando,Florida,Season_1,2.586956522,2.391304348,1.717391304,3.304347826,1.673913043,1.434782609,1.52173913,1.739130435,0,2.334782609,1.47826087
San Antonio,Texas,Season_1,2.5,1.956521739,1.760869565,3.304347826,1.304347826,1.434782609,0.804347826,0.934782609,0,2.165217391,1.119565217
San Diego,California,Season_1,2.630434783,2.27173913,1.826086957,3.456521739,1.456521739,1.673913043,1.793478261,1.902173913,0,2.32826087,1.733695652
Dallas,Texas,Season_1,2.5,1.956521739,1.760869565,3.304347826,1.304347826,1.434782609,0.804347826,0.934782609,0,2.165217391,1.119565217
San Jose,California,Season_1,2.630434783,2.27173913,1.826086957,3.456521739,1.456521739,1.673913043,1.793478261,1.902173913,0,2.32826087,1.733695652
Austin,Texas,Season_1,2.5,1.956521739,1.760869565,3.304347826,1.304347826,1.434782609,0.804347826,0.934782609,0,2.165217391,1.119565217
Jacksonville,Florida,Season_1,2.586956522,2.391304348,1.717391304,3.304347826,1.673913043,1.434782609,1.52173913,1.739130435,0,2.334782609,1.47826087
Fort Worth,Texas,Season_1,2.5,1.956521739,1.760869565,3.304347826,1.304347826,1.434782609,0.804347826,0.934782609,0,2.165217391,1.119565217
Sacramento,California,Season_1,2.630434783,2.27173913,1.826086957,3.456521739,1.456521739,1.673913043,1.793478261,1.902173913,0,2.32826087,1.733695652
Kansas City,Missouri,Season_1,2.52173913,1.793478261,1.739130435,3.380434783,1.380434783,1.434782609,0.836956522,0.630434783,0,2.163043478,1.135869565
Atlanta,Georgia,Season_1,2.510869565,1.641304348,1.5,2.565217391,1.565217391,1.434782609,1.456521739,0.637362637,0,1.956521739,1.445652174
Omaha,Nebraska,Season_1,2.532608696,1.684782609,1.706521739,3.217391304,0.641304348,1.489130435,0.869565217,0.630434783,0,1.956521739,1.179347826
Colorado Springs,Colorado,Season_1,2.391304348,2.097826087,1.684782609,3.434782609,1.25,1.619565217,1.586956522,0.836956522,0,2.17173913,1.60326087
Raleigh,North Carolina,Season_1,2.467391304,2.108695652,1.52173913,2.413043478,1.380434783,1.543478261,0.880434783,1.543478261,0,1.97826087,1.211956522
Miami,Florida,Season_1,2.586956522,2.391304348,1.717391304,3.304347826,1.673913043,1.434782609,1.52173913,1.739130435,0,2.334782609,1.47826087
Oakland,California,Season_1,2.630434783,2.27173913,1.826086957,3.456521739,1.456521739,1.673913043,1.793478261,1.902173913,0,2.32826087,1.733695652
Minneapolis,Minnesota,Season_1,2.5,2.119565217,1.717391304,3.173913043,1.434782609,1.554347826,0.760869565,0.695652174,0,2.189130435,1.157608696
Tulsa,Oklahoma,Season_1,2.456521739,1.793478261,1.5,2.989130435,1.163043478,1.434782609,0.836956522,0.967391304,0,1.980434783,1.135869565
Bakersfield,California,Season_1,2.630434783,2.27173913,1.826086957,3.456521739,1.456521739,1.673913043,1.793478261,1.902173913,0,2.32826087,1.733695652
Wichita,Kansas,Season_1,2.52173913,2.076086957,1.673913043,3.22826087,1.065217391,1.434782609,1.652173913,0.630434783,0,2.113043478,1.543478261
Tampa,Florida,Season_1,2.586956522,2.391304348,1.717391304,3.304347826,1.673913043,1.434782609,1.52173913,1.739130435,0,2.334782609,1.47826087
New Orleans,Louisiana,Season_1,2.489130435,1.739130435,1.804347826,2.586956522,1.336956522,1.434782609,1.739130435,1.141304348,0,1.991304348,1.586956522
Memphis,Tennessee,Season_1,2.52173913,1.706521739,1.641304348,2.717391304,1.434782609,1.543478261,0.717391304,0.630434783,0,2.004347826,1.130434783
Louisville,Kentucky,Season_1,2.456521739,2.282608696,1.77173913,3.217391304,1.347826087,1.47826087,1.782608696,0.630434783,0,2.215217391,1.630434783
Baltimore,Maryland,Season_1,2.510869565,2.47826087,1.760869565,3.402173913,1.369565217,1.434782609,1.673913043,1.152173913,0,2.304347826,1.554347826
Milwaukee,Wisconsin,Season_1,2.5,2.02173913,1.608695652,3.304347826,1.336956522,1.597826087,1.532608696,0.630434783,0,2.154347826,1.565217391
Albuquerque,New Mexico,Season_1,2.565217391,2.315217391,1.760869565,3.369565217,0.836956522,1.543478261,0.815217391,1.108695652,0,2.169565217,1.179347826
Tucson,Arizona,Season_1,2.543478261,1.532608696,1.195652174,0,1.173913043,1.619565217,0.75,0.630434783,0,1.289130435,1.184782609
Fresno,California,Season_1,2.630434783,2.27173913,1.826086957,3.456521739,1.456521739,1.673913043,1.793478261,1.902173913,0,2.32826087,1.733695652
Nashville,Tennessee,Season_1,2.52173913,1.706521739,1.641304348,2.717391304,1.434782609,1.543478261,0.717391304,0.630434783,0,2.004347826,1.130434783
Oklahoma City,Oklahoma,Season_1,2.456521739,1.793478261,1.5,2.989130435,1.163043478,1.434782609,0.836956522,0.967391304,0,1.980434783,1.135869565
El Paso,Texas,Season_1,2.5,1.956521739,1.760869565,3.304347826,1.304347826,1.434782609,0.804347826,0.934782609,0,2.165217391,1.119565217
Boston,Massachusetts,Season_1,2.52173913,2.380434783,1.739130435,3.163043478,1,1.434782609,0.739130435,1.663043478,0,2.160869565,1.086956522
Portland,Oregon,Season_1,2.52173913,1.717391304,1.684782609,3.22826087,1.434782609,1.543478261,1.597826087,0.815217391,0,2.117391304,1.570652174
Las Vegas,Nevada,Season_1,2.52173913,2.130434783,1.597826087,2.967391304,1.206521739,1.532608696,1.054347826,0.891304348,0,2.084782609,1.293478261
Detroit,Michigan,Season_1,2.543478261,2.054347826,1.72826087,3.315217391,1.52173913,1.554347826,0.793478261,0.902173913,0,2.232608696,1.173913043
New York,New York,Season_1,2.52173913,2.565217391,1.760869565,3.315217391,1.684782609,1.652173913,1.673913043,1.641304348,0,2.369565217,1.663043478
Los Angeles,California,Season_1,2.630434783,2.27173913,1.826086957,3.456521739,1.456521739,1.673913043,1.793478261,1.902173913,0,2.32826087,1.733695652
Chicago,Illinois,Season_1,2.52173913,2.380434783,1.652173913,3.282608696,1.597826087,1.619565217,1.619565217,0.967391304,0,2.286956522,1.619565217
Houston,Texas,Season_1,2.5,1.956521739,1.760869565,3.304347826,1.304347826,1.434782609,0.804347826,0.934782609,0,2.165217391,1.119565217
Phoenix,Arizona,Season_1,2.543478261,1.532608696,1.195652174,0,1.173913043,1.619565217,0.75,0.630434783,0,1.289130435,1.184782609
Philadelphia,Pennsylvania,Season_1,2.576086957,2.065217391,1.630434783,3.043478261,1.630434783,1.434782609,1.5,1.152173913,0,2.189130435,1.467391304
Vancouver,British Columbia,Season_2,3,1.25,2,3,0,2,1,2,0,1.85,1.5
Montreal,Quebec,Season_2,3,2,2,3.22826087,0.22826087,2,1,2.489130435,0,2.091304348,1.5
Calgary,Alberta,Season_2,1.239130435,2,1.141304348,2.141304348,0,2,1,2.336956522,0,1.304347826,1.5
Halifax,Nova Scotia,Season_2,3,0.086956522,1.043478261,3.184782609,0.043478261,2,1.326086957,2,0,1.47173913,1.663043478
London,Ontario,Season_2,3,2,1.5,3.760869565,0,2,2,2,0,2.052173913,2
Edmonton,Alberta,Season_2,1.239130435,2,1.141304348,2.141304348,0,2,1,2.336956522,0,1.304347826,1.5
Mississauga,Ontario,Season_2,3,2,1.5,3.760869565,0,2,2,2,0,2.052173913,2
Ottawa,Ontario,Season_2,3,2,1.5,3.760869565,0,2,2,2,0,2.052173913,2
Winnipeg,Manitoba,Season_2,2,1,2,3,1,2,2,2.086956522,0,1.8,2
Toronto,Ontario,Season_2,3,2,1.5,3.760869565,0,2,2,2,0,2.052173913,2
Quebec,Quebec,Season_2,3,2,2,3.22826087,0.22826087,2,1,2.489130435,0,2.091304348,1.5
Columbus,Ohio,Season_2,3,2,1.836956522,4,1,1.652173913,1,2.597826087,0,2.367391304,1.326086957
Indianapolis,Indiana,Season_2,2.913043478,1.195652174,1.565217391,2.358695652,1,1.652173913,2,1.782608696,0,1.806521739,1.826086957
Charlotte,North Carolina,Season_2,2.760869565,2,1,3,1,1.652173913,1.076086957,3.75,0,1.952173913,1.364130435
San Francisco,California,Season_2,3,2,2,4,1,1.652173913,2,3,0,2.4,1.826086957
Seattle,Washington,Season_2,2.913043478,2,2,4,1,1.652173913,1.347826087,2.456521739,0,2.382608696,1.5
Denver,Colorado,Season_2,2,2,1.184782609,4,1,1.652173913,2,2,0,2.036956522,1.826086957
Washington DC,Washington DC,Season_2,2.760869565,2,2,3,1,1.652173913,2,1.891304348,0,2.152173913,1.826086957
Cleveland,Ohio,Season_2,3,2,1.836956522,4,1,1.652173913,1,2.597826087,0,2.367391304,1.326086957
Honolulu,Hawaii,Season_2,2.913043478,2,1.5,4,2,1.652173913,1.086956522,2.663043478,0,2.482608696,1.369565217
Cincinnati,Ohio,Season_2,3,2,1.836956522,4,1,1.652173913,1,2.597826087,0,2.367391304,1.326086957
Pittsburgh,Pennsylvania,Season_2,2.836956522,1.858695652,2,2.902173913,1.043478261,1.652173913,2,3.347826087,0,2.12826087,1.826086957
Salt Lake City,Utah,Season_2,2.836956522,1.467391304,2,3,1,1.652173913,0.586956522,2.467391304,0,2.060869565,1.119565217
St Louis,Missouri,Season_2,2.913043478,1.152173913,1.663043478,2.260869565,1,1.652173913,0.869565217,2.347826087,0,1.797826087,1.260869565
Orlando,Florida,Season_2,2.663043478,2,2,4,1.72826087,1.652173913,2,3,0,2.47826087,1.826086957
San Antonio,Texas,Season_2,2.934782609,1.793478261,1.97826087,2.945652174,1,1.652173913,1,2.423913043,0,2.130434783,1.326086957
San Diego,California,Season_2,3,2,2,4,1,1.652173913,2,3,0,2.4,1.826086957
Dallas,Texas,Season_2,2.934782609,1.793478261,1.97826087,2.945652174,1,1.652173913,1,2.423913043,0,2.130434783,1.326086957
San Jose,California,Season_2,3,2,2,4,1,1.652173913,2,3,0,2.4,1.826086957
Austin,Texas,Season_2,2.934782609,1.793478261,1.97826087,2.945652174,1,1.652173913,1,2.423913043,0,2.130434783,1.326086957
Jacksonville,Florida,Season_2,2.663043478,2,2,4,1.72826087,1.652173913,2,3,0,2.47826087,1.826086957
Fort Worth,Texas,Season_2,2.934782609,1.793478261,1.97826087,2.945652174,1,1.652173913,1,2.423913043,0,2.130434783,1.326086957
Sacramento,California,Season_2,3,2,2,4,1,1.652173913,2,3,0,2.4,1.826086957
Kansas City,Missouri,Season_2,2.913043478,1.152173913,1.663043478,2.260869565,1,1.652173913,0.869565217,2.347826087,0,1.797826087,1.260869565
Atlanta,Georgia,Season_2,2.836956522,1.326086957,2,3,2,1.652173913,2,1.163043478,0,2.232608696,1.826086957
Omaha,Nebraska,Season_2,2.913043478,1.22826087,2,1.989130435,1,1.652173913,0.684782609,1.804347826,0,1.826086957,1.168478261
Colorado Springs,Colorado,Season_2,2,2,1.184782609,4,1,1.652173913,2,2,0,2.036956522,1.826086957
Raleigh,North Carolina,Season_2,2.760869565,2,1,3,1,1.652173913,1.076086957,3.75,0,1.952173913,1.364130435
Miami,Florida,Season_2,2.663043478,2,2,4,1.72826087,1.652173913,2,3,0,2.47826087,1.826086957
Oakland,California,Season_2,3,2,2,4,1,1.652173913,2,3,0,2.4,1.826086957
Minneapolis,Minnesota,Season_2,3,1.097826087,2,3.097826087,1,1.652173913,1,2,0,2.039130435,1.326086957
Tulsa,Oklahoma,Season_2,2.913043478,1,1,1.673913043,1,1.652173913,0.586956522,2.260869565,0,1.517391304,1.119565217
Bakersfield,California,Season_2,3,2,2,4,1,1.652173913,2,3,0,2.4,1.826086957
Wichita,Kansas,Season_2,2.913043478,1.076086957,1.076086957,3,1,1.652173913,0.75,2.304347826,0,1.813043478,1.201086957
Tampa,Florida,Season_2,2.663043478,2,2,4,1.72826087,1.652173913,2,3,0,2.47826087,1.826086957
New Orleans,Louisiana,Season_2,2.913043478,2,2,2.489130435,1,1.652173913,0.739130435,3,0,2.080434783,1.195652174
Memphis,Tennessee,Season_2,2.836956522,1.836956522,2,3,1,1.652173913,0.967391304,2.304347826,0,2.134782609,1.309782609
Louisville,Kentucky,Season_2,2.836956522,1.456521739,1.304347826,3.760869565,1,1.652173913,2,2.152173913,0,2.07173913,1.826086957
Baltimore,Maryland,Season_2,2.989130435,1.456521739,2,3.304347826,1,1.652173913,2,2.347826087,0,2.15,1.826086957
Milwaukee,Wisconsin,Season_2,3,1,1,3.782608696,1,1.652173913,1,2.423913043,0,1.956521739,1.326086957
Albuquerque,New Mexico,Season_2,2.836956522,2,2,4,1,1.652173913,1,3,0,2.367391304,1.326086957
Tucson,Arizona,Season_2,2.869565217,1.695652174,1.77173913,0.945652174,1,1.652173913,1,2.608695652,0,1.656521739,1.326086957
Fresno,California,Season_2,3,2,2,4,1,1.652173913,2,3,0,2.4,1.826086957
Nashville,Tennessee,Season_2,2.836956522,1.836956522,2,3,1,1.652173913,0.967391304,2.304347826,0,2.134782609,1.309782609
Oklahoma City,Oklahoma,Season_2,2.913043478,1,1,1.673913043,1,1.652173913,0.586956522,2.260869565,0,1.517391304,1.119565217
El Paso,Texas,Season_2,2.934782609,1.793478261,1.97826087,2.945652174,1,1.652173913,1,2.423913043,0,2.130434783,1.326086957
Boston,Massachusetts,Season_2,3,2,1.380434783,3,1,1.652173913,1,3,0,2.076086957,1.326086957
Portland,Oregon,Season_2,3,2.22826087,2,3.565217391,1.25,1.652173913,2,2.75,0,2.408695652,1.826086957
Las Vegas,Nevada,Season_2,2.326086957,1.608695652,2,3,1,1.652173913,1.326086957,2.75,0,1.986956522,1.489130435
Detroit,Michigan,Season_2,2.989130435,1.717391304,1.358695652,3.391304348,1,1.652173913,1,2,0,2.091304348,1.326086957
New York,New York,Season_2,2.989130435,2.076086957,1.586956522,3.380434783,1.076086957,2,2,3,0,2.22173913,2
Los Angeles,California,Season_2,3,2,2,4,1,1.652173913,2,3,0,2.4,1.826086957
Chicago,Illinois,Season_2,3,1,1.27173913,3.27173913,1.27173913,1.652173913,1.597826087,2,0,1.963043478,1.625
Houston,Texas,Season_2,2.934782609,1.793478261,1.97826087,2.945652174,1,1.652173913,1,2.423913043,0,2.130434783,1.326086957
Phoenix,Arizona,Season_2,2.869565217,1.695652174,1.77173913,0.945652174,1,1.652173913,1,2.608695652,0,1.656521739,1.326086957
Philadelphia,Pennsylvania,Season_2,2.836956522,1.858695652,2,2.902173913,1.043478261,1.652173913,2,3.347826087,0,2.12826087,1.826086957
Vancouver,British Columbia,Season_3,1.098901099,1.923076923,2,3.395604396,0.395604396,2,0,2,0,1.762637363,1
Montreal,Quebec,Season_3,1.67032967,2,2,3.67032967,0.67032967,2,1,3,0,2.002197802,1.5
Calgary,Alberta,Season_3,1.010989011,2,1.076923077,2.659340659,0.043956044,2,0.318681319,3,0,1.358241758,1.159340659
Halifax,Nova Scotia,Season_3,1.285714286,0.10989011,1.054945055,3.087912088,0.076923077,2,0.395604396,2,0,1.123076923,1.197802198
London,Ontario,Season_3,1.89010989,2.087912088,1.087912088,3.571428571,0.571428571,2,1.32967033,2,0,1.841758242,1.664835165
Edmonton,Alberta,Season_3,1.010989011,2,1.076923077,2.659340659,0.043956044,2,0.318681319,3,0,1.358241758,1.159340659
Mississauga,Ontario,Season_3,1.89010989,2.087912088,1.087912088,3.571428571,0.571428571,2,1.32967033,2,0,1.841758242,1.664835165
Ottawa,Ontario,Season_3,1.89010989,2.087912088,1.087912088,3.571428571,0.571428571,2,1.32967033,2,0,1.841758242,1.664835165
Winnipeg,Manitoba,Season_3,1.472527473,1.791208791,2,3.472527473,1.637362637,2,0.659340659,3.318681319,0,2.074725275,1.32967033
Toronto,Ontario,Season_3,1.89010989,2.087912088,1.087912088,3.571428571,0.571428571,2,1.32967033,2,0,1.841758242,1.664835165
Quebec,Quebec,Season_3,1.67032967,2,2,3.67032967,0.67032967,2,1,3,0,2.002197802,1.5
Columbus,Ohio,Season_3,2.21978022,1.21978022,1,4,1.131868132,1,1,3,0,1.914285714,1
Indianapolis,Indiana,Season_3,2,1,1,4,1,1,1,2.824175824,0,1.8,1
Charlotte,North Carolina,Season_3,2,2,1,3.197802198,1,1,2,4,0,1.83956044,1.5
San Francisco,California,Season_3,3,2,2,3.428571429,1.10989011,1,2,3,0,2.307692308,1.5
Seattle,Washington,Season_3,2,2,2,4,1,1,2,3,0,2.2,1.5
Denver,Colorado,Season_3,2,2,1,4,1,1,2,2.56043956,0,2,1.5
Washington DC,Washington DC,Season_3,1.857142857,2,2,3,1,0.10989011,2,3,0,1.971428571,1.054945055
Cleveland,Ohio,Season_3,2.21978022,1.21978022,1,4,1.131868132,1,1,3,0,1.914285714,1
Honolulu,Hawaii,Season_3,2,2,2,4,1.791208791,1,2,3,0,2.358241758,1.5
Cincinnati,Ohio,Season_3,2.21978022,1.21978022,1,4,1.131868132,1,1,3,0,1.914285714,1
Pittsburgh,Pennsylvania,Season_3,2,1.263736264,1.417582418,3.582417582,1,0.967032967,1,3.857142857,0,1.852747253,0.983516484
Salt Lake City,Utah,Season_3,2,1.032967033,1.032967033,3.516483516,1,0.10989011,1,3.032967033,0,1.716483516,0.554945055
St Louis,Missouri,Season_3,2,1,2,3.186813187,1.153846154,0.10989011,1,3,0,1.868131868,0.554945055
Orlando,Florida,Season_3,1.384615385,1.340659341,1.263736264,1.285714286,2,0.10989011,1.32967033,3,0,1.454945055,0.71978022
San Antonio,Texas,Season_3,1.725274725,2.164835165,2,4,1.164835165,0.10989011,1,3,0,2.210989011,0.554945055
San Diego,California,Season_3,3,2,2,3.428571429,1.10989011,1,2,3,0,2.307692308,1.5
Dallas,Texas,Season_3,1.725274725,2.164835165,2,4,1.164835165,0.10989011,1,3,0,2.210989011,0.554945055
San Jose,California,Season_3,3,2,2,3.428571429,1.10989011,1,2,3,0,2.307692308,1.5
Austin,Texas,Season_3,1.725274725,2.164835165,2,4,1.164835165,0.10989011,1,3,0,2.210989011,0.554945055
Jacksonville,Florida,Season_3,1.384615385,1.340659341,1.263736264,1.285714286,2,0.10989011,1.32967033,3,0,1.454945055,0.71978022
Fort Worth,Texas,Season_3,1.725274725,2.164835165,2,4,1.164835165,0.10989011,1,3,0,2.210989011,0.554945055
Sacramento,California,Season_3,3,2,2,3.428571429,1.10989011,1,2,3,0,2.307692308,1.5
Kansas City,Missouri,Season_3,2,1,2,3.186813187,1.153846154,0.10989011,1,3,0,1.868131868,0.554945055
Atlanta,Georgia,Season_3,2,1,2,3,2,0.10989011,1.868131868,2,0,2,0.989010989
Omaha,Nebraska,Season_3,1.164835165,1.10989011,1.263736264,1.659340659,1,1,1.197802198,2,0,1.23956044,1.098901099
Colorado Springs,Colorado,Season_3,2,2,1,4,1,1,2,2.56043956,0,2,1.5
Raleigh,North Carolina,Season_3,2,2,1,3.197802198,1,1,2,4,0,1.83956044,1.5
Miami,Florida,Season_3,1.384615385,1.340659341,1.263736264,1.285714286,2,0.10989011,1.32967033,3,0,1.454945055,0.71978022
Oakland,California,Season_3,3,2,2,3.428571429,1.10989011,1,2,3,0,2.307692308,1.5
Minneapolis,Minnesota,Season_3,2.142857143,1.120879121,1.340659341,3.120879121,1,1,1,2,0,1.745054945,1
Tulsa,Oklahoma,Season_3,2,1,1,1,1,0.10989011,1,3,0,1.2,0.554945055
Bakersfield,California,Season_3,3,2,2,3.428571429,1.10989011,1,2,3,0,2.307692308,1.5
Wichita,Kansas,Season_3,2,1,1.164835165,3.120879121,1,0.769230769,1,3,0,1.657142857,0.884615385
Tampa,Florida,Season_3,1.384615385,1.340659341,1.263736264,1.285714286,2,0.10989011,1.32967033,3,0,1.454945055,0.71978022
New Orleans,Louisiana,Season_3,2,1.846153846,1.10989011,3,1,1,1,3,0,1.791208791,1
Memphis,Tennessee,Season_3,2,1,2,3.087912088,1,0.10989011,1,3,0,1.817582418,0.554945055
Louisville,Kentucky,Season_3,2,1,1,4,1,0.230769231,1.527472527,3,0,1.8,0.879120879
Baltimore,Maryland,Season_3,1.89010989,1.230769231,2,3.208791209,1,0.10989011,2,3.274725275,0,1.865934066,1.054945055
Milwaukee,Wisconsin,Season_3,2.010989011,1,1,4,1,1,1,3,0,1.802197802,1
Albuquerque,New Mexico,Season_3,2,2.164835165,2,4,1,1,1,3,0,2.232967033,1
Tucson,Arizona,Season_3,2,1.56043956,1,3,1,1,1,3,0,1.712087912,1
Fresno,California,Season_3,3,2,2,3.428571429,1.10989011,1,2,3,0,2.307692308,1.5
Nashville,Tennessee,Season_3,2,1,2,3.087912088,1,0.10989011,1,3,0,1.817582418,0.554945055
Oklahoma City,Oklahoma,Season_3,2,1,1,1,1,0.10989011,1,3,0,1.2,0.554945055
El Paso,Texas,Season_3,1.725274725,2.164835165,2,4,1.164835165,0.10989011,1,3,0,2.210989011,0.554945055
Boston,Massachusetts,Season_3,2.164835165,2,1,3.274725275,1,0.120879121,1,3.659340659,0,1.887912088,0.56043956
Portland,Oregon,Season_3,2.076923077,2,2,4,1,1,2,3,0,2.215384615,1.5
Las Vegas,Nevada,Season_3,2,1.252747253,1.318681319,2.472527473,1,1,1,3,0,1.608791209,1
Detroit,Michigan,Season_3,2,1.406593407,1.406593407,4,1,1,1,3,0,1.962637363,1
New York,New York,Season_3,2,2.593406593,2,3.593406593,1,2,2,3,0,2.237362637,2
Los Angeles,California,Season_3,3,2,2,3.428571429,1.10989011,1,2,3,0,2.307692308,1.5
Chicago,Illinois,Season_3,2.417582418,1,1.120879121,3.406593407,1.164835165,1,1.043956044,3.340659341,0,1.821978022,1.021978022
Houston,Texas,Season_3,1.725274725,2.164835165,2,4,1.164835165,0.10989011,1,3,0,2.210989011,0.554945055
Phoenix,Arizona,Season_3,2,1.56043956,1,3,1,1,1,3,0,1.712087912,1
Philadelphia,Pennsylvania,Season_3,2,1.263736264,1.417582418,3.582417582,1,0.967032967,1,3.857142857,0,1.852747253,0.983516484
Vancouver,British Columbia,Season_4,1,1.422222222,2,4,1,1.011111111,0,2,1.129411765,1.884444444,0.505555556
Montreal,Quebec,Season_4,1.766666667,2.333333333,2,4,1.566666667,2,1,3,1.611764706,2.333333333,1.5
Calgary,Alberta,Season_4,1.455555556,2,2,4,0.688888889,1.011111111,0,3,1.494117647,2.028888889,0.505555556
Halifax,Nova Scotia,Season_4,1.6,0.755555556,1.244444444,3.222222222,0.244444444,1.011111111,1,2,1.341176471,1.413333333,1.005555556
London,Ontario,Season_4,2.655555556,3,2,4,1.722222222,1.011111111,1,2,1.694117647,2.675555556,1.005555556
Edmonton,Alberta,Season_4,1.455555556,2,2,4,0.688888889,1.011111111,0,3,1.494117647,2.028888889,0.505555556
Mississauga,Ontario,Season_4,2.655555556,3,2,4,1.722222222,1.011111111,1,2,1.694117647,2.675555556,1.005555556
Ottawa,Ontario,Season_4,2.655555556,3,2,4,1.722222222,1.011111111,1,2,1.694117647,2.675555556,1.005555556
Winnipeg,Manitoba,Season_4,2,2.811111111,2,4,1.911111111,1.011111111,0,3,1.341176471,2.544444444,0.505555556
Toronto,Ontario,Season_4,2.655555556,3,2,4,1.722222222,1.011111111,1,2,1.694117647,2.675555556,1.005555556
Quebec,Quebec,Season_4,1.766666667,2.333333333,2,4,1.566666667,2,1,3,1.611764706,2.333333333,1.5
Columbus,Ohio,Season_4,2,1,1,4,1.8,1,1,3,2.044444444,1.96,1
Indianapolis,Indiana,Season_4,2,1,1,4,1,1,1,2,2.022222222,1.8,1
Charlotte,North Carolina,Season_4,2,2,1,3.611111111,1.888888889,1,2,3.844444444,1.411111111,2.1,1.5
San Francisco,California,Season_4,3,2,2,4,1.633333333,1,2,3,1.688888889,2.526666667,1.5
Seattle,Washington,Season_4,2,2,2,4,1,1,2,3,1.6,2.2,1.5
Denver,Colorado,Season_4,2,1.522222222,1.177777778,4,1.177777778,1,2,3,1.533333333,1.975555556,1.5
Washington DC,Washington DC,Season_4,1.022222222,1.911111111,2,3.422222222,1,0.733333333,2,3,2.166666667,1.871111111,1.366666667
Cleveland,Ohio,Season_4,2,1,1,4,1.8,1,1,3,2.044444444,1.96,1
Honolulu,Hawaii,Season_4,2,2,2,4,1.966666667,1,2,3,1.622222222,2.393333333,1.5
Cincinnati,Ohio,Season_4,2,1,1,4,1.8,1,1,3,2.044444444,1.96,1
Pittsburgh,Pennsylvania,Season_4,2,1.377777778,1,2.755555556,1,1,1,3,2.122222222,1.626666667,1
Salt Lake City,Utah,Season_4,1.766666667,1,1,1.555555556,1,0.711111111,1,2,1.555555556,1.264444444,0.855555556
St Louis,Missouri,Season_4,1.544444444,1,2,3.688888889,2,0.711111111,1,3,2.288888889,2.046666667,0.855555556
Orlando,Florida,Season_4,1.611111111,1,1,3.333333333,2,0.711111111,1,3,1.7,1.788888889,0.855555556
San Antonio,Texas,Season_4,2,2,1.622222222,4,1,0.711111111,1,3,2.088888889,2.124444444,0.855555556
San Diego,California,Season_4,3,2,2,4,1.633333333,1,2,3,1.688888889,2.526666667,1.5
Dallas,Texas,Season_4,2,2,1.622222222,4,1,0.711111111,1,3,2.088888889,2.124444444,0.855555556
San Jose,California,Season_4,3,2,2,4,1.633333333,1,2,3,1.688888889,2.526666667,1.5
Austin,Texas,Season_4,2,2,1.622222222,4,1,0.711111111,1,3,2.088888889,2.124444444,0.855555556
Jacksonville,Florida,Season_4,1.611111111,1,1,3.333333333,2,0.711111111,1,3,1.7,1.788888889,0.855555556
Fort Worth,Texas,Season_4,2,2,1.622222222,4,1,0.711111111,1,3,2.088888889,2.124444444,0.855555556
Sacramento,California,Season_4,3,2,2,4,1.633333333,1,2,3,1.688888889,2.526666667,1.5
Kansas City,Missouri,Season_4,1.544444444,1,2,3.688888889,2,0.711111111,1,3,2.288888889,2.046666667,0.855555556
Atlanta,Georgia,Season_4,1.933333333,1,1.322222222,3,2,0.711111111,1.966666667,2,1.822222222,1.851111111,1.338888889
Omaha,Nebraska,Season_4,1,1,1,0.733333333,1.144444444,1.077777778,2,2,1.744444444,0.975555556,1.538888889
Colorado Springs,Colorado,Season_4,2,1.522222222,1.177777778,4,1.177777778,1,2,3,1.533333333,1.975555556,1.5
Raleigh,North Carolina,Season_4,2,2,1,3.611111111,1.888888889,1,2,3.844444444,1.411111111,2.1,1.5
Miami,Florida,Season_4,1.611111111,1,1,3.333333333,2,0.711111111,1,3,1.7,1.788888889,0.855555556
Oakland,California,Season_4,3,2,2,4,1.633333333,1,2,3,1.688888889,2.526666667,1.5
Minneapolis,Minnesota,Season_4,2,1.377777778,1.377777778,4,1,1,1,2,1.688888889,1.951111111,1
Tulsa,Oklahoma,Season_4,2,1,1,0.055555556,1,0.711111111,1,3,1.855555556,1.011111111,0.855555556
Bakersfield,California,Season_4,3,2,2,4,1.633333333,1,2,3,1.688888889,2.526666667,1.5
Wichita,Kansas,Season_4,2,1,1.888888889,3.888888889,1,1,1,3,1.566666667,1.955555556,1
Tampa,Florida,Season_4,1.611111111,1,1,3.333333333,2,0.711111111,1,3,1.7,1.788888889,0.855555556
New Orleans,Louisiana,Season_4,2,1.755555556,1.233333333,3.577777778,1.055555556,1,1,3,1.766666667,1.924444444,1
Memphis,Tennessee,Season_4,2,1.788888889,1.544444444,4,1,0.711111111,1,3,1.511111111,2.066666667,0.855555556
Louisville,Kentucky,Season_4,2,1,1,4,1,0.711111111,1,3,1.622222222,1.8,0.855555556
Baltimore,Maryland,Season_4,2,1.688888889,1.644444444,3.866666667,1,0.711111111,2,4,2.088888889,2.04,1.355555556
Milwaukee,Wisconsin,Season_4,2,1,1,3.788888889,1,1,1,3,1.688888889,1.757777778,1
Albuquerque,New Mexico,Season_4,2,2.011111111,2,4,1,1,1,3,2.144444444,2.202222222,1
Tucson,Arizona,Season_4,2,1.611111111,1.933333333,3,1,1,1,3,1.255555556,1.908888889,1
Fresno,California,Season_4,3,2,2,4,1.633333333,1,2,3,1.688888889,2.526666667,1.5
Nashville,Tennessee,Season_4,2,1.788888889,1.544444444,4,1,0.711111111,1,3,1.511111111,2.066666667,0.855555556
Oklahoma City,Oklahoma,Season_4,2,1,1,0.055555556,1,0.711111111,1,3,1.855555556,1.011111111,0.855555556
El Paso,Texas,Season_4,2,2,1.622222222,4,1,0.711111111,1,3,2.088888889,2.124444444,0.855555556
Boston,Massachusetts,Season_4,1.922222222,1.944444444,1.866666667,4,1,0.711111111,1,4,1.833333333,2.146666667,0.855555556
Portland,Oregon,Season_4,2,2,2,4,1,1,2,3,2.188888889,2.2,1.5
Las Vegas,Nevada,Season_4,2,1.377777778,1,4,1,1,1,3,1.355555556,1.875555556,1
Detroit,Michigan,Season_4,2,2,1.222222222,4,1,1,1,3,1.711111111,2.044444444,1
New York,New York,Season_4,2,2.388888889,1.911111111,4,1,2,2,3,1.866666667,2.26,2
Los Angeles,California,Season_4,3,2,2,4,1.633333333,1,2,3,1.688888889,2.526666667,1.5
Chicago,Illinois,Season_4,2.088888889,1,1.722222222,3.722222222,1.355555556,1,2,3.211111111,1.677777778,1.977777778,1.5
Houston,Texas,Season_4,2,2,1.622222222,4,1,0.711111111,1,3,2.088888889,2.124444444,0.855555556
Phoenix,Arizona,Season_4,2,1.611111111,1.933333333,3,1,1,1,3,1.255555556,1.908888889,1
Philadelphia,Pennsylvania,Season_4,2,1.377777778,1,2.755555556,1,1,1,3,2.122222222,1.626666667,1
Vancouver,British Columbia,Season_5,1,1.619565217,1.923913043,4,0.684782609,1,0,2,3.391304348,1.845652174,0.5
Montreal,Quebec,Season_5,1.652173913,2,2,4,1.956521739,2,1,3,3.489130435,2.32173913,1.5
Calgary,Alberta,Season_5,1.72826087,2,2,4,0.576086957,1,0,3,3.467391304,2.060869565,0.5
Halifax,Nova Scotia,Season_5,1.913043478,1.217391304,1.467391304,3.423913043,0.619565217,1,1,2,3.239130435,1.72826087,1
London,Ontario,Season_5,2.510869565,3,2,4,1.663043478,1,1,2,3.195652174,2.634782609,1
Edmonton,Alberta,Season_5,1.72826087,2,2,4,0.576086957,1,0,3,3.467391304,2.060869565,0.5
Mississauga,Ontario,Season_5,2.510869565,3,2,4,1.663043478,1,1,2,3.195652174,2.634782609,1
Ottawa,Ontario,Season_5,2.510869565,3,2,4,1.663043478,1,1,2,3.195652174,2.634782609,1
Winnipeg,Manitoba,Season_5,2,2.956521739,2,4,1.956521739,1,0,3.956521739,3.326086957,2.582608696,0.5
Toronto,Ontario,Season_5,2.510869565,3,2,4,1.663043478,1,1,2,3.195652174,2.634782609,1
Quebec,Quebec,Season_5,1.652173913,2,2,4,1.956521739,2,1,3,3.489130435,2.32173913,1.5
Columbus,Ohio,Season_5,2,1,1,4,0.347826087,1,1,3,4.391304348,1.669565217,1
Indianapolis,Indiana,Season_5,2,0.663043478,1,3.836956522,0.347826087,1,1,2,4.52173913,1.569565217,1
Charlotte,North Carolina,Season_5,1.097826087,1.184782609,1,2.47826087,1.336956522,1,2,2.652173913,4.195652174,1.419565217,1.5
San Francisco,California,Season_5,2.043478261,2,2,4,1.282608696,1,2,3,3.869565217,2.265217391,1.5
Seattle,Washington,Season_5,2.293478261,1,1,3.847826087,0.77173913,1,2,3,3.923913043,1.782608696,1.5
Denver,Colorado,Season_5,2,1,1,3,0.5,1,1.706521739,2.391304348,4.086956522,1.5,1.35326087
Washington DC,Washington DC,Season_5,1,1,1.663043478,3.086956522,0.347826087,1,2,2.826086957,4.086956522,1.419565217,1.5
Cleveland,Ohio,Season_5,2,1,1,4,0.347826087,1,1,3,4.391304348,1.669565217,1
Honolulu,Hawaii,Season_5,2,2,2,4,1.847826087,1,2,3,3.782608696,2.369565217,1.5
Cincinnati,Ohio,Season_5,2,1,1,4,0.347826087,1,1,3,4.391304348,1.669565217,1
Pittsburgh,Pennsylvania,Season_5,2,1,1,0.815217391,0.5,1,1,3,4.065217391,1.063043478,1
Salt Lake City,Utah,Season_5,1,1,1,0.163043478,0.347826087,1,1,2,4.5,0.702173913,1
St Louis,Missouri,Season_5,1,0.706521739,1.25,2.489130435,1.847826087,1,1,3,4.576086957,1.458695652,1
Orlando,Florida,Season_5,0.684782609,0.945652174,1,2.739130435,0.934782609,1,1,2.684782609,4.597826087,1.260869565,1
San Antonio,Texas,Season_5,1.769230769,1.097826087,1,3.434782609,1,1,1,3,4.391304348,1.656521739,1
San Diego,California,Season_5,2.043478261,2,2,4,1.282608696,1,2,3,3.869565217,2.265217391,1.5
Dallas,Texas,Season_5,1.769230769,1.097826087,1,3.434782609,1,1,1,3,4.391304348,1.656521739,1
San Jose,California,Season_5,2.043478261,2,2,4,1.282608696,1,2,3,3.869565217,2.265217391,1.5
Austin,Texas,Season_5,1.769230769,1.097826087,1,3.434782609,1,1,1,3,4.391304348,1.656521739,1
Jacksonville,Florida,Season_5,0.684782609,0.945652174,1,2.739130435,0.934782609,1,1,2.684782609,4.597826087,1.260869565,1
Fort Worth,Texas,Season_5,1.769230769,1.097826087,1,3.434782609,1,1,1,3,4.391304348,1.656521739,1
Sacramento,California,Season_5,2.043478261,2,2,4,1.282608696,1,2,3,3.869565217,2.265217391,1.5
Kansas City,Missouri,Season_5,1,0.706521739,1.25,2.489130435,1.847826087,1,1,3,4.576086957,1.458695652,1
Atlanta,Georgia,Season_5,1,1,1,1.239130435,0.826086957,1,1,2,4.586956522,1.013043478,1
Omaha,Nebraska,Season_5,0.163043478,0.554347826,1,0,1,1.902173913,2,2,4.315217391,0.543478261,1.951086957
Colorado Springs,Colorado,Season_5,2,1,1,3,0.5,1,1.706521739,2.391304348,4.086956522,1.5,1.35326087
Raleigh,North Carolina,Season_5,1.097826087,1.184782609,1,2.47826087,1.336956522,1,2,2.652173913,4.195652174,1.419565217,1.5
Miami,Florida,Season_5,0.684782609,0.945652174,1,2.739130435,0.934782609,1,1,2.684782609,4.597826087,1.260869565,1
Oakland,California,Season_5,2.043478261,2,2,4,1.282608696,1,2,3,3.869565217,2.265217391,1.5
Minneapolis,Minnesota,Season_5,2,0.956521739,1,3.02173913,0.956521739,1,1,2,4.27173913,1.586956522,1
Tulsa,Oklahoma,Season_5,2,1,1,0.217391304,0.77173913,1,1,2.652173913,4.391304348,0.997826087,1
Bakersfield,California,Season_5,2.043478261,2,2,4,1.282608696,1,2,3,3.869565217,2.265217391,1.5
Wichita,Kansas,Season_5,0.782608696,1,1,1.27173913,0.347826087,1,1.836956522,2.369565217,4.086956522,0.880434783,1.418478261
Tampa,Florida,Season_5,0.684782609,0.945652174,1,2.739130435,0.934782609,1,1,2.684782609,4.597826087,1.260869565,1
New Orleans,Louisiana,Season_5,2,1.815217391,1.141304348,2.467391304,1,1,1,2.652173913,4.467391304,1.684782609,1
Memphis,Tennessee,Season_5,1.076086957,2,1,2.358695652,0.347826087,1,1,2.423913043,4.358695652,1.356521739,1
Louisville,Kentucky,Season_5,1.380434783,1,1,2.086956522,0.347826087,1,1,2.608695652,3.97826087,1.163043478,1
Baltimore,Maryland,Season_5,2,0.663043478,1,2.445652174,1,1,2,3.097826087,4.065217391,1.42173913,1.5
Milwaukee,Wisconsin,Season_5,2,1,1,2.097826087,1,1,1,3,4.010869565,1.419565217,1
Albuquerque,New Mexico,Season_5,1.358695652,1.826086957,1.282608696,3.586956522,1,1,1,3,4.086956522,1.810869565,1
Tucson,Arizona,Season_5,1.152173913,0.597826087,1.086956522,1.173913043,0.347826087,1,1,2.72826087,4.076086957,0.87173913,1
Fresno,California,Season_5,2.043478261,2,2,4,1.282608696,1,2,3,3.869565217,2.265217391,1.5
Nashville,Tennessee,Season_5,1.076086957,2,1,2.358695652,0.347826087,1,1,2.423913043,4.358695652,1.356521739,1
Oklahoma City,Oklahoma,Season_5,2,1,1,0.217391304,0.77173913,1,1,2.652173913,4.391304348,0.997826087,1
El Paso,Texas,Season_5,1.769230769,1.097826087,1,3.434782609,1,1,1,3,4.391304348,1.656521739,1
Boston,Massachusetts,Season_5,1.836956522,1.934782609,1.22826087,3.869565217,0.347826087,1,1.119565217,3.489130435,3.934782609,1.843478261,1.059782609
Portland,Oregon,Season_5,1.456521739,1.543478261,1.652173913,4,1,1,2,2.847826087,3.934782609,1.930434783,1.5
Las Vegas,Nevada,Season_5,1.391304348,2,1,3.989130435,0.347826087,1,1,3,4.152173913,1.745652174,1
Detroit,Michigan,Season_5,2,2,1,3.195652174,0.347826087,1,1,3,4.152173913,1.708695652,1
New York,New York,Season_5,2,1.043478261,1,3.173913043,0.391304348,2,2,3,4.130434783,1.52173913,2
Los Angeles,California,Season_5,2.043478261,2,2,4,1.282608696,1,2,3,3.869565217,2.265217391,1.5
Chicago,Illinois,Season_5,1.576086957,1,1,3,1,1,2,3.652173913,4.010869565,1.515217391,1.5
Houston,Texas,Season_5,1.769230769,1.097826087,1,3.434782609,1,1,1,3,4.391304348,1.656521739,1
Phoenix,Arizona,Season_5,1.152173913,0.597826087,1.086956522,1.173913043,0.347826087,1,1,2.72826087,4.076086957,0.87173913,1
Philadelphia,Pennsylvania,Season_5,2,1,1,0.815217391,0.5,1,1,3,4.065217391,1.063043478,1
Vancouver,British Columbia,Season_6,0.902173913,1,1,2.152173913,1,1,0,1.97826087,4.673913043,1.210869565,0.467391304
Montreal,Quebec,Season_6,1,1.293478261,1.260869565,4,1,2,1,3,5,1.710869565,1.434782609
Calgary,Alberta,Season_6,1.097826087,0.652173913,1.097826087,1.304347826,1,1,0,2.391304348,5,1.030434783,0.467391304
Halifax,Nova Scotia,Season_6,1.27173913,1.173913043,1.163043478,3.163043478,1,1,1,2,5,1.554347826,0.967391304
London,Ontario,Season_6,3,1.423913043,1.108695652,3.489130435,1.010869565,1,0.244186047,2,4.77173913,2.006521739,0.581521739
Edmonton,Alberta,Season_6,1.097826087,0.652173913,1.097826087,1.304347826,1,1,0,2.391304348,5,1.030434783,0.467391304
Mississauga,Ontario,Season_6,3,1.423913043,1.108695652,3.489130435,1.010869565,1,0.244186047,2,4.77173913,2.006521739,0.581521739
Ottawa,Ontario,Season_6,3,1.423913043,1.108695652,3.489130435,1.010869565,1,0.244186047,2,4.77173913,2.006521739,0.581521739
Winnipeg,Manitoba,Season_6,2,1.27173913,1.27173913,3.184782609,1.27173913,1,0,2.72826087,5,1.8,0.467391304
Toronto,Ontario,Season_6,3,1.423913043,1.108695652,3.489130435,1.010869565,1,0.244186047,2,4.77173913,2.006521739,0.581521739
Quebec,Quebec,Season_6,1,1.293478261,1.260869565,4,1,2,1,3,5,1.710869565,1.434782609
Columbus,Ohio,Season_6,1.010869565,0.010869565,0.815217391,0.043478261,0,1,1,2.010869565,5,0.376086957,1
Indianapolis,Indiana,Season_6,2,0,0.815217391,0.739130435,0,1,1,2.554347826,5,0.710869565,1
Charlotte,North Carolina,Season_6,1.076086957,0.597826087,1,0,0.826086957,1,1.239130435,2,5,0.7,1.119565217
San Francisco,California,Season_6,1.641304348,0.304347826,1.152173913,1.456521739,0,1,2,2.076086957,5,0.910869565,1.5
Seattle,Washington,Season_6,1,0.315217391,0.815217391,1.630434783,0,1,2,2.097826087,5,0.752173913,1.5
Denver,Colorado,Season_6,1.532608696,1,1,1.119565217,0,1,1,2,5,0.930434783,1
Washington DC,Washington DC,Season_6,1,0.47826087,0.815217391,0,0,1,2,2,5,0.458695652,1.5
Cleveland,Ohio,Season_6,1.010869565,0.010869565,0.815217391,0.043478261,0,1,1,2.010869565,5,0.376086957,1
Honolulu,Hawaii,Season_6,1.184782609,1.402173913,1.641304348,3.641304348,0.27173913,1,1,3,5,1.62826087,1
Cincinnati,Ohio,Season_6,1.010869565,0.010869565,0.815217391,0.043478261,0,1,1,2.010869565,5,0.376086957,1
Pittsburgh,Pennsylvania,Season_6,0.260869565,0.010869565,0.815217391,0.032608696,0,1,1,2.130434783,5,0.223913043,1
Salt Lake City,Utah,Season_6,0.956521739,1,0.826086957,0,0,1,1,2,5,0.556521739,1
St Louis,Missouri,Season_6,1,0,0.815217391,0,0.152173913,1,1,2.054347826,5,0.393478261,1
Orlando,Florida,Season_6,0,0,0.815217391,0,0,1,0.913043478,2,5,0.163043478,0.956521739
San Antonio,Texas,Season_6,1.22826087,0.630434783,1.108695652,0,1,1,1,2.630434783,5,0.793478261,1
San Diego,California,Season_6,1.641304348,0.304347826,1.152173913,1.456521739,0,1,2,2.076086957,5,0.910869565,1.5
Dallas,Texas,Season_6,1.22826087,0.630434783,1.108695652,0,1,1,1,2.630434783,5,0.793478261,1
San Jose,California,Season_6,1.641304348,0.304347826,1.152173913,1.456521739,0,1,2,2.076086957,5,0.910869565,1.5
Austin,Texas,Season_6,1.22826087,0.630434783,1.108695652,0,1,1,1,2.630434783,5,0.793478261,1
Jacksonville,Florida,Season_6,0,0,0.815217391,0,0,1,0.913043478,2,5,0.163043478,0.956521739
Fort Worth,Texas,Season_6,1.22826087,0.630434783,1.108695652,0,1,1,1,2.630434783,5,0.793478261,1
Sacramento,California,Season_6,1.641304348,0.304347826,1.152173913,1.456521739,0,1,2,2.076086957,5,0.910869565,1.5
Kansas City,Missouri,Season_6,1,0,0.815217391,0,0.152173913,1,1,2.054347826,5,0.393478261,1
Atlanta,Georgia,Season_6,1.076086957,0.989130435,1.065217391,0,0,1,0.913043478,2.010869565,5,0.626086957,0.956521739
Omaha,Nebraska,Season_6,0.163043478,0,0.815217391,0,1,1,1.434782609,2,5,0.395652174,1.217391304
Colorado Springs,Colorado,Season_6,1.532608696,1,1,1.119565217,0,1,1,2,5,0.930434783,1
Raleigh,North Carolina,Season_6,1.076086957,0.597826087,1,0,0.826086957,1,1.239130435,2,5,0.7,1.119565217
Miami,Florida,Season_6,0,0,0.815217391,0,0,1,0.913043478,2,5,0.163043478,0.956521739
Oakland,California,Season_6,1.641304348,0.304347826,1.152173913,1.456521739,0,1,2,2.076086957,5,0.910869565,1.5
Minneapolis,Minnesota,Season_6,2,0,0.815217391,0,0,1,1,2,5,0.563043478,1
Tulsa,Oklahoma,Season_6,1.380434783,1,1,0,0,1,1,2,5,0.676086957,1
Bakersfield,California,Season_6,1.641304348,0.304347826,1.152173913,1.456521739,0,1,2,2.076086957,5,0.910869565,1.5
Wichita,Kansas,Season_6,0,1.086956522,0.815217391,0,0.934782609,1,2,2,5,0.567391304,1.5
Tampa,Florida,Season_6,0,0,0.815217391,0,0,1,0.913043478,2,5,0.163043478,0.956521739
New Orleans,Louisiana,Season_6,1.239130435,1.380434783,1.75,1.782608696,1,1,1,2,5,1.430434783,1
Memphis,Tennessee,Season_6,1.02173913,0,0.815217391,0,0,1,1,2,5,0.367391304,1
Louisville,Kentucky,Season_6,0.72826087,1,1,0.217391304,0,1,1,2,5,0.589130435,1
Baltimore,Maryland,Season_6,1.793478261,0,0.815217391,0,0.52173913,1,1.239130435,2,5,0.626086957,1.119565217
Milwaukee,Wisconsin,Season_6,0.47826087,0.152173913,0.815217391,0.02173913,0.152173913,1,0.934782609,2.782608696,5,0.323913043,0.967391304
Albuquerque,New Mexico,Season_6,1.152173913,0.934782609,0.815217391,0.652173913,0.326086957,1,1,2.076086957,5,0.776086957,1
Tucson,Arizona,Season_6,0.336956522,0,0.815217391,0,0,1,1,2,5,0.230434783,1
Fresno,California,Season_6,1.641304348,0.304347826,1.152173913,1.456521739,0,1,2,2.076086957,5,0.910869565,1.5
Nashville,Tennessee,Season_6,1.02173913,0,0.815217391,0,0,1,1,2,5,0.367391304,1
Oklahoma City,Oklahoma,Season_6,1.380434783,1,1,0,0,1,1,2,5,0.676086957,1
El Paso,Texas,Season_6,1.22826087,0.630434783,1.108695652,0,1,1,1,2.630434783,5,0.793478261,1
Boston,Massachusetts,Season_6,0.815217391,0,0.815217391,0,0,1,0.913043478,2.054347826,5,0.326086957,0.956521739
Portland,Oregon,Season_6,0.793478261,0.315217391,0.815217391,1.260869565,0.445652174,1,2,2,5,0.726086957,1.5
Las Vegas,Nevada,Season_6,1,0,0.815217391,0,0,1,1,2.489130435,5,0.363043478,1
Detroit,Michigan,Season_6,1.315217391,0,0.815217391,0.684782609,0,1,1,2,5,0.563043478,1
New York,New York,Season_6,2,1.076086957,1,1.304347826,0,1.913043478,1.22826087,2.891304348,5,1.076086957,1.570652174
Los Angeles,California,Season_6,1.641304348,0.304347826,1.152173913,1.456521739,0,1,2,2.076086957,5,0.910869565,1.5
Chicago,Illinois,Season_6,0.815217391,0.065217391,0.815217391,0.326086957,0.065217391,1,2,2,5,0.417391304,1.5
Houston,Texas,Season_6,1.22826087,0.630434783,1.108695652,0,1,1,1,2.630434783,5,0.793478261,1
Phoenix,Arizona,Season_6,0.336956522,0,0.815217391,0,0,1,1,2,5,0.230434783,1
Philadelphia,Pennsylvania,Season_6,0.260869565,0.010869565,0.815217391,0.032608696,0,1,1,2.130434783,5,0.223913043,1
Vancouver,British Columbia,Season_7,0,1.868131868,1.868131868,4,1,0.571428571,0,2,5,1.747252747,0.285714286
Montreal,Quebec,Season_7,1,2,2,4,1,2,1,3,5,2,1.494505495
Calgary,Alberta,Season_7,1.043956044,1.802197802,1,3.340659341,1,0.571428571,0,2.978021978,5,1.637362637,0.285714286
Halifax,Nova Scotia,Season_7,1.21978022,0.362637363,1,3,1,0.571428571,1,2,5,1.316483516,0.78021978
London,Ontario,Season_7,1,1,1,3,1,1,0,2.736263736,5,1.4,0.5
Edmonton,Alberta,Season_7,1.043956044,1.802197802,1,3.340659341,1,0.571428571,0,2.978021978,5,1.637362637,0.285714286
Mississauga,Ontario,Season_7,1,1,1,3,1,1,0,2.736263736,5,1.4,0.5
Ottawa,Ontario,Season_7,1,1,1,3,1,1,0,2.736263736,5,1.4,0.5
Winnipeg,Manitoba,Season_7,1.89010989,0.989010989,1,2.56043956,1,0.571428571,0,2.978021978,5,1.487912088,0.285714286
Toronto,Ontario,Season_7,1,1,1,3,1,1,0,2.736263736,5,1.4,0.5
Quebec,Quebec,Season_7,1,2,2,4,1,2,1,3,5,2,1.494505495
Columbus,Ohio,Season_7,0.362637363,0,0,0,0,0.043956044,1,2,5,0.072527473,0.521978022
Indianapolis,Indiana,Season_7,0.450549451,0,0,0,0,0.054945055,1,2,5,0.09010989,0.527472527
Charlotte,North Carolina,Season_7,1.230769231,1,1,0,0,0.043956044,0,2,5,0.646153846,0.021978022
San Francisco,California,Season_7,1,0.483516484,1,1,0,1,2,2,5,0.696703297,1.5
Seattle,Washington,Season_7,1,0,0,0.703296703,0,0.043956044,1.318681319,2.703296703,5,0.340659341,0.681318681
Denver,Colorado,Season_7,1.395604396,1,1,1,0,1,0.032967033,2,5,0.879120879,0.516483516
Washington DC,Washington DC,Season_7,1,1.835164835,0,0,0,0.043956044,2,2,5,0.567032967,1.021978022
Cleveland,Ohio,Season_7,0.362637363,0,0,0,0,0.043956044,1,2,5,0.072527473,0.521978022
Honolulu,Hawaii,Season_7,1,1,1.989010989,3.989010989,0,0.043956044,1,2.142857143,5,1.595604396,0.521978022
Cincinnati,Ohio,Season_7,0.362637363,0,0,0,0,0.043956044,1,2,5,0.072527473,0.521978022
Pittsburgh,Pennsylvania,Season_7,1.10989011,0,0,0,0,0.043956044,1.78021978,2.549450549,5,0.221978022,0.912087912
Salt Lake City,Utah,Season_7,1,1,0,0,0,0.043956044,1,2,5,0.4,0.521978022
St Louis,Missouri,Season_7,1,0,0,0,0,0.043956044,1,2,5,0.2,0.521978022
Orlando,Florida,Season_7,0.373626374,0,0,0,0,0.043956044,0,2,5,0.074725275,0.021978022
San Antonio,Texas,Season_7,1.659340659,0.362637363,1.098901099,0,0.285714286,1,1,2,5,0.681318681,1
San Diego,California,Season_7,1,0.483516484,1,1,0,1,2,2,5,0.696703297,1.5
Dallas,Texas,Season_7,1.659340659,0.362637363,1.098901099,0,0.285714286,1,1,2,5,0.681318681,1
San Jose,California,Season_7,1,0.483516484,1,1,0,1,2,2,5,0.696703297,1.5
Austin,Texas,Season_7,1.659340659,0.362637363,1.098901099,0,0.285714286,1,1,2,5,0.681318681,1
Jacksonville,Florida,Season_7,0.373626374,0,0,0,0,0.043956044,0,2,5,0.074725275,0.021978022
Fort Worth,Texas,Season_7,1.659340659,0.362637363,1.098901099,0,0.285714286,1,1,2,5,0.681318681,1
Sacramento,California,Season_7,1,0.483516484,1,1,0,1,2,2,5,0.696703297,1.5
Kansas City,Missouri,Season_7,1,0,0,0,0,0.043956044,1,2,5,0.2,0.521978022
Atlanta,Georgia,Season_7,2,0,0,0,0,0.043956044,0,2.923076923,5,0.4,0.021978022
Omaha,Nebraska,Season_7,1,0,0,0,0.758241758,1.164835165,1,2,5,0.351648352,1.082417582
Colorado Springs,Colorado,Season_7,1.395604396,1,1,1,0,1,0.032967033,2,5,0.879120879,0.516483516
Raleigh,North Carolina,Season_7,1.230769231,1,1,0,0,0.043956044,0,2,5,0.646153846,0.021978022
Miami,Florida,Season_7,0.373626374,0,0,0,0,0.043956044,0,2,5,0.074725275,0.021978022
Oakland,California,Season_7,1,0.483516484,1,1,0,1,2,2,5,0.696703297,1.5
Minneapolis,Minnesota,Season_7,0.208791209,0,0,0,0.131868132,0.043956044,0.131868132,2,5,0.068131868,0.087912088
Tulsa,Oklahoma,Season_7,1,0.714285714,1,0,0,1,0.450549451,2,5,0.542857143,0.725274725
Bakersfield,California,Season_7,1,0.483516484,1,1,0,1,2,2,5,0.696703297,1.5
Wichita,Kansas,Season_7,0.318681319,1.373626374,0,0,1,1,1.516483516,2,5,0.538461538,1.258241758
Tampa,Florida,Season_7,0.373626374,0,0,0,0,0.043956044,0,2,5,0.074725275,0.021978022
New Orleans,Louisiana,Season_7,1,1.922222222,1.722222222,2,1,0.043956044,1,2,5,1.512087912,0.521978022
Memphis,Tennessee,Season_7,0.857142857,0,0,0,0,1,1,2,5,0.171428571,1
Louisville,Kentucky,Season_7,1,1,1,0,0,0.043956044,0.846153846,2,5,0.6,0.445054945
Baltimore,Maryland,Season_7,1,0,0,0,0,1,0,2,5,0.2,0.5
Milwaukee,Wisconsin,Season_7,1,0,0,0,0,0.142857143,0.406593407,3,5,0.2,0.274725275
Albuquerque,New Mexico,Season_7,0.604395604,0.604395604,0,0,0,0.043956044,1,2,5,0.241758242,0.521978022
Tucson,Arizona,Season_7,0,0,0,0,0,0.054945055,1,2,5,0,0.527472527
Fresno,California,Season_7,1,0.483516484,1,1,0,1,2,2,5,0.696703297,1.5
Nashville,Tennessee,Season_7,0.857142857,0,0,0,0,1,1,2,5,0.171428571,1
Oklahoma City,Oklahoma,Season_7,1,0.714285714,1,0,0,1,0.450549451,2,5,0.542857143,0.725274725
El Paso,Texas,Season_7,1.659340659,0.362637363,1.098901099,0,0.285714286,1,1,2,5,0.681318681,1
Boston,Massachusetts,Season_7,1,0,0,0,0,0.791208791,0.175824176,3,5,0.2,0.483516484
Portland,Oregon,Season_7,0.956043956,0,0,0,0,0.043956044,2,2,5,0.191208791,1.021978022
Las Vegas,Nevada,Season_7,0.10989011,0,0,0,0,0.043956044,1,2,5,0.021978022,0.521978022
Detroit,Michigan,Season_7,2,0,0,0,0,0.043956044,1,2,5,0.4,0.521978022
New York,New York,Season_7,2,2,1,1,0,0.164835165,0.813186813,2,5,1.2,0.489010989
Los Angeles,California,Season_7,1,0.483516484,1,1,0,1,2,2,5,0.696703297,1.5
Chicago,Illinois,Season_7,0,0,0,0,0,1,1.296703297,2,5,0,1.148351648
Houston,Texas,Season_7,1.659340659,0.362637363,1.098901099,0,0.285714286,1,1,2,5,0.681318681,1
Phoenix,Arizona,Season_7,0,0,0,0,0,0.054945055,1,2,5,0,0.527472527
Philadelphia,Pennsylvania,Season_7,1.10989011,0,0,0,0,0.043956044,1.78021978,2.549450549,5,0.221978022,0.912087912
Vancouver,British Columbia,Season_8,0.233333333,2.755555556,2,4,0.522222222,0.822222222,0.775280899,2,5,1.902222222,0.794444444
Montreal,Quebec,Season_8,1.355555556,2,2,4,0.711111111,2,1,3,5,2.013333333,1.494444444
Calgary,Alberta,Season_8,1.133333333,1.766666667,1,4,0.522222222,0.822222222,0.775280899,2.833333333,5,1.684444444,0.794444444
Halifax,Nova Scotia,Season_8,1.644444444,0.766666667,1.6,3.6,0.522222222,0.822222222,1,2,5,1.626666667,0.905555556
London,Ontario,Season_8,1.269662921,1.611111111,1.611111111,3.477777778,0.522222222,1,0.775280899,3,5,1.695555556,0.883333333
Edmonton,Alberta,Season_8,1.133333333,1.766666667,1,4,0.522222222,0.822222222,0.775280899,2.833333333,5,1.684444444,0.794444444
Mississauga,Ontario,Season_8,1.269662921,1.611111111,1.611111111,3.477777778,0.522222222,1,0.775280899,3,5,1.695555556,0.883333333
Ottawa,Ontario,Season_8,1.269662921,1.611111111,1.611111111,3.477777778,0.522222222,1,0.775280899,3,5,1.695555556,0.883333333
Winnipeg,Manitoba,Season_8,2.168539326,1.651685393,1.651685393,3.337078652,0.528089888,0.820224719,0.772727273,3,5,1.846666667,0.783333333
Toronto,Ontario,Season_8,1.269662921,1.611111111,1.611111111,3.477777778,0.522222222,1,0.775280899,3,5,1.695555556,0.883333333
Quebec,Quebec,Season_8,1.355555556,2,2,4,0.711111111,2,1,3,5,2.013333333,1.494444444
Columbus,Ohio,Season_8,0.6,0,0,0,0,0,1,2,5,0.12,0.5
Indianapolis,Indiana,Season_8,0,0,0,0,0,0,1,2,5,0,0.5
Charlotte,North Carolina,Season_8,0,0,0.233333333,0,0,0.255555556,0.255555556,2,5,0.046666667,0.255555556
San Francisco,California,Season_8,1.233333333,1,1,1.466666667,0,1,2,2,5,0.94,1.5
Seattle,Washington,Season_8,1,0,0,0,0,0,1,2,5,0.2,0.5
Denver,Colorado,Season_8,1.455555556,0.688888889,0.688888889,0.688888889,0,0.033333333,0,2,5,0.704444444,0.016666667
Washington DC,Washington DC,Season_8,1.255555556,0.533333333,0.166666667,0,0,0,2,2,5,0.391111111,1
Cleveland,Ohio,Season_8,0.6,0,0,0,0,0,1,2,5,0.12,0.5
Honolulu,Hawaii,Season_8,1,0.844444444,0.766666667,3.4,0,0,1,2,5,1.202222222,0.5
Cincinnati,Ohio,Season_8,0.6,0,0,0,0,0,1,2,5,0.12,0.5
Pittsburgh,Pennsylvania,Season_8,1.3,0.4,0,0,0,0,1.911111111,2.455555556,5,0.34,0.955555556
Salt Lake City,Utah,Season_8,1,1,0,0,0,0,1,2,5,0.4,0.5
St Louis,Missouri,Season_8,0.144444444,0,0,0,0,0,1,2,5,0.028888889,0.5
Orlando,Florida,Season_8,0.788888889,0,0.233333333,0,0,0,0.566666667,2,5,0.204444444,0.283333333
San Antonio,Texas,Season_8,0.133333333,0,0,0,0,1,1,2,5,0.026666667,1
San Diego,California,Season_8,1.233333333,1,1,1.466666667,0,1,2,2,5,0.94,1.5
Dallas,Texas,Season_8,0.133333333,0,0,0,0,1,1,2,5,0.026666667,1
San Jose,California,Season_8,1.233333333,1,1,1.466666667,0,1,2,2,5,0.94,1.5
Austin,Texas,Season_8,0.133333333,0,0,0,0,1,1,2,5,0.026666667,1
Jacksonville,Florida,Season_8,0.788888889,0,0.233333333,0,0,0,0.566666667,2,5,0.204444444,0.283333333
Fort Worth,Texas,Season_8,0.133333333,0,0,0,0,1,1,2,5,0.026666667,1
Sacramento,California,Season_8,1.233333333,1,1,1.466666667,0,1,2,2,5,0.94,1.5
Kansas City,Missouri,Season_8,0.144444444,0,0,0,0,0,1,2,5,0.028888889,0.5
Atlanta,Georgia,Season_8,2,0,0,0,0,0,0,2,5,0.4,0
Omaha,Nebraska,Season_8,1.288888889,0,0,0,0,1.211111111,1,2,5,0.257777778,1.105555556
Colorado Springs,Colorado,Season_8,1.455555556,0.688888889,0.688888889,0.688888889,0,0.033333333,0,2,5,0.704444444,0.016666667
Raleigh,North Carolina,Season_8,0,0,0.233333333,0,0,0.255555556,0.255555556,2,5,0.046666667,0.255555556
Miami,Florida,Season_8,0.788888889,0,0.233333333,0,0,0,0.566666667,2,5,0.204444444,0.283333333
Oakland,California,Season_8,1.233333333,1,1,1.466666667,0,1,2,2,5,0.94,1.5
Minneapolis,Minnesota,Season_8,0,0,0,0,0,0.155555556,0,2,5,0,0.077777778
Tulsa,Oklahoma,Season_8,1,1,1,0,0.877777778,1,0.877777778,2,5,0.775555556,0.938888889
Bakersfield,California,Season_8,1.233333333,1,1,1.466666667,0,1,2,2,5,0.94,1.5
Wichita,Kansas,Season_8,0.455555556,0.455555556,0,0,0.133333333,0.055555556,1,2,5,0.208888889,0.477777778
Tampa,Florida,Season_8,0.788888889,0,0.233333333,0,0,0,0.566666667,2,5,0.204444444,0.283333333
New Orleans,Louisiana,Season_8,1.777777778,2,2,2,1,0,1,2,5,1.755555556,0.5
Memphis,Tennessee,Season_8,0,0,0,0,0,0.566666667,1,2,5,0,0.783333333
Louisville,Kentucky,Season_8,0.688888889,0.133333333,0.688888889,0,0,0,0.688888889,2,5,0.302222222,0.344444444
Baltimore,Maryland,Season_8,0.533333333,0,0,0,0.311111111,1.466666667,0,2,5,0.168888889,0.733333333
Milwaukee,Wisconsin,Season_8,0.922222222,0.155555556,0,0,0,0,1,3,5,0.215555556,0.5
Albuquerque,New Mexico,Season_8,0.133333333,0,0,0,0,0,1,2,5,0.026666667,0.5
Tucson,Arizona,Season_8,0,0,0,0,0,0,1,2,5,0,0.5
Fresno,California,Season_8,1.233333333,1,1,1.466666667,0,1,2,2,5,0.94,1.5
Nashville,Tennessee,Season_8,0,0,0,0,0,0.566666667,1,2,5,0,0.783333333
Oklahoma City,Oklahoma,Season_8,1,1,1,0,0.877777778,1,0.877777778,2,5,0.775555556,0.938888889
El Paso,Texas,Season_8,0.133333333,0,0,0,0,1,1,2,5,0.026666667,1
Boston,Massachusetts,Season_8,1.377777778,1,0,0,0,1,1,3,5,0.475555556,1
Portland,Oregon,Season_8,0,0,0,0,0,0,1,2,5,0,0.5
Las Vegas,Nevada,Season_8,0,0,0,0,0,0,1,2,5,0,0.5
Detroit,Michigan,Season_8,2,0,0,0,0,0,1,2,5,0.4,0.5
New York,New York,Season_8,2,2,1,1,0,0,0,2,5,1.2,0
Los Angeles,California,Season_8,1.233333333,1,1,1.466666667,0,1,2,2,5,0.94,1.5
Chicago,Illinois,Season_8,0,0,0,0,0,1,1,2,5,0,1
Houston,Texas,Season_8,0.133333333,0,0,0,0,1,1,2,5,0.026666667,1
Phoenix,Arizona,Season_8,0,0,0,0,0,0,1,2,5,0,0.5
Philadelphia,Pennsylvania,Season_8,1.3,0.4,0,0,0,0,1.911111111,2.455555556,5,0.34,0.955555556
Vancouver,British Columbia,Season_9,0,2.441860465,0.88372093,0.418604651,0,0.137931034,1,1.103448276,5,0.7,0.538043478
Montreal,Quebec,Season_9,1,0.255813953,0.255813953,0.511627907,0,2,1,3,5,0.37826087,1.125
Calgary,Alberta,Season_9,0.76744186,0,0,0,0,0.137931034,1,2,5,0.143478261,0.538043478
Halifax,Nova Scotia,Season_9,1,0.294117647,0.294117647,0.882352941,0,0.176470588,1,1.294117647,5,0.365217391,0.434782609
London,Ontario,Season_9,0.23255814,0.23255814,0.23255814,0,0,1,1,2.229885057,5,0.130434783,0.945652174
Edmonton,Alberta,Season_9,0.76744186,0,0,0,0,0.137931034,1,2,5,0.143478261,0.538043478
Mississauga,Ontario,Season_9,0.23255814,0.23255814,0.23255814,0,0,1,1,2.229885057,5,0.130434783,0.945652174
Ottawa,Ontario,Season_9,0.23255814,0.23255814,0.23255814,0,0,1,1,2.229885057,5,0.130434783,0.945652174
Winnipeg,Manitoba,Season_9,1,0,0,0,0,0,1,2,5,0.134782609,0.342391304
Toronto,Ontario,Season_9,0.23255814,0.23255814,0.23255814,0,0,1,1,2.229885057,5,0.130434783,0.945652174
Quebec,Quebec,Season_9,1,0.255813953,0.255813953,0.511627907,0,2,1,3,5,0.37826087,1.125
Columbus,Ohio,Season_9,1.518987342,0,0,0,0,0.481012658,1,1.607594937,5,0.260869565,0.635869565
Indianapolis,Indiana,Season_9,0,0,0,0,0,0.658227848,1,2,5,0,0.711956522
Charlotte,North Carolina,Season_9,0,0,0,0,0,1,1,2,5,0,0.858695652
San Francisco,California,Season_9,1,1,0.392405063,0,0,0.430379747,1.392405063,2,5,0.410869565,0.782608696
Seattle,Washington,Season_9,1,0,0,0,0,0,1,2.126582278,5,0.17173913,0.429347826
Denver,Colorado,Season_9,0,0,0,0,0,0,0,2,5,0,0
Washington DC,Washington DC,Season_9,1,0,0,0,0,0,2,2,5,0.17173913,0.858695652
Cleveland,Ohio,Season_9,1.518987342,0,0,0,0,0.481012658,1,1.607594937,5,0.260869565,0.635869565
Honolulu,Hawaii,Season_9,1,1,0,0,0,0,1,1.607594937,5,0.343478261,0.429347826
Cincinnati,Ohio,Season_9,1.518987342,0,0,0,0,0.481012658,1,1.607594937,5,0.260869565,0.635869565
Pittsburgh,Pennsylvania,Season_9,0.35443038,0.35443038,0,0,0,0.101265823,1,1.632911392,5,0.12173913,0.472826087
Salt Lake City,Utah,Season_9,1.658227848,0.341772152,0,0,0,0,1,1.607594937,5,0.343478261,0.429347826
St Louis,Missouri,Season_9,0,0,0,0,0,0,1,1.607594937,5,0,0.429347826
Orlando,Florida,Season_9,1,0,0.443037975,0,0,0,1,1.607594937,5,0.247826087,0.429347826
San Antonio,Texas,Season_9,0,0,0,0,0,1,1,1.607594937,5,0,0.858695652
San Diego,California,Season_9,1,1,0.392405063,0,0,0.430379747,1.392405063,2,5,0.410869565,0.782608696
Dallas,Texas,Season_9,0,0,0,0,0,1,1,1.607594937,5,0,0.858695652
San Jose,California,Season_9,1,1,0.392405063,0,0,0.430379747,1.392405063,2,5,0.410869565,0.782608696
Austin,Texas,Season_9,0,0,0,0,0,1,1,1.607594937,5,0,0.858695652
Jacksonville,Florida,Season_9,1,0,0.443037975,0,0,0,1,1.607594937,5,0.247826087,0.429347826
Fort Worth,Texas,Season_9,0,0,0,0,0,1,1,1.607594937,5,0,0.858695652
Sacramento,California,Season_9,1,1,0.392405063,0,0,0.430379747,1.392405063,2,5,0.410869565,0.782608696
Kansas City,Missouri,Season_9,0,0,0,0,0,0,1,1.607594937,5,0,0.429347826
Atlanta,Georgia,Season_9,2,0,0,0,0,0,0.278481013,2,5,0.343478261,0.119565217
Omaha,Nebraska,Season_9,0.025316456,0,0,0,0,0.443037975,1,2,5,0.004347826,0.619565217
Colorado Springs,Colorado,Season_9,0,0,0,0,0,0,0,2,5,0,0
Raleigh,North Carolina,Season_9,0,0,0,0,0,1,1,2,5,0,0.858695652
Miami,Florida,Season_9,1,0,0.443037975,0,0,0,1,1.607594937,5,0.247826087,0.429347826
Oakland,California,Season_9,1,1,0.392405063,0,0,0.430379747,1.392405063,2,5,0.410869565,0.782608696
Minneapolis,Minnesota,Season_9,0,0,0,0,0,1,0,1.607594937,5,0,0.429347826
Tulsa,Oklahoma,Season_9,1,1,1,0,1,0.063291139,0.063291139,1.607594937,5,0.686956522,0.054347826
Bakersfield,California,Season_9,1,1,0.392405063,0,0,0.430379747,1.392405063,2,5,0.410869565,0.782608696
Wichita,Kansas,Season_9,0,0,0,0,0,0.025316456,1,1.620253165,5,0,0.440217391
Tampa,Florida,Season_9,1,0,0.443037975,0,0,0,1,1.607594937,5,0.247826087,0.429347826
New Orleans,Louisiana,Season_9,3,0.506329114,0.506329114,0.506329114,1,0,1,1.620253165,5,0.926086957,0.429347826
Memphis,Tennessee,Season_9,0,0,0,0,0,0,1,1.607594937,5,0,0.429347826
Louisville,Kentucky,Season_9,0,0,0,0,0,0,0,2,5,0,0
Baltimore,Maryland,Season_9,0,0,0,0,1,2,0,2,5,0.17173913,0.858695652
Milwaukee,Wisconsin,Season_9,0,0,0,0,0,0,1,2.240506329,5,0,0.429347826
Albuquerque,New Mexico,Season_9,0,0,0,0,0,0,1,2,5,0,0.380434783
Tucson,Arizona,Season_9,0,0,0,0,0,0,1,1.607594937,5,0,0.429347826
Fresno,California,Season_9,1,1,0.392405063,0,0,0.430379747,1.392405063,2,5,0.410869565,0.782608696
Nashville,Tennessee,Season_9,0,0,0,0,0,0,1,1.607594937,5,0,0.429347826
Oklahoma City,Oklahoma,Season_9,1,1,1,0,1,0.063291139,0.063291139,1.607594937,5,0.686956522,0.054347826
El Paso,Texas,Season_9,0,0,0,0,0,1,1,1.607594937,5,0,0.858695652
Boston,Massachusetts,Season_9,1.556962025,0,0,0,0,1,1,1.759493671,5,0.267391304,0.858695652
Portland,Oregon,Season_9,0,0,0,0,0,0,1,2,5,0,0.429347826
Las Vegas,Nevada,Season_9,0,0,0,0,0,0,1,1.607594937,5,0,0.429347826
Detroit,Michigan,Season_9,1.265822785,0,0,0,0,0,1,1.632911392,5,0.217391304,0.429347826
New York,New York,Season_9,2,2,0.797468354,0.797468354,0,0,0,2,5,0.960869565,0
Los Angeles,California,Season_9,1,1,0.392405063,0,0,0.430379747,1.392405063,2,5,0.410869565,0.782608696
Chicago,Illinois,Season_9,0,0,0,0,0,1,1,2,5,0,0.858695652
Houston,Texas,Season_9,0,0,0,0,0,1,1,1.607594937,5,0,0.858695652
Phoenix,Arizona,Season_9,0,0,0,0,0,0,1,1.607594937,5,0,0.429347826
Philadelphia,Pennsylvania,Season_9,0.35443038,0.35443038,0,0,0,0.101265823,1,1.632911392,5,0.12173913,0.472826087
