city,display_title,state,rec_2020.08,rec_2020.09,rec_2020.1,rec_2020.11,rec_2020.12,rec_2020.13,rec_2020.14,rec_2020.15,rec_2020.16,rec_2020.17,rec_2020.18,rec_2020.19,rec_2020.2,rec_2020.21,rec_2020.22,rec_2020.23,rec_2020.24,rec_2020.25,rec_2020.26,rec_2020.27,rec_2020.28,rec_2020.29,rec_2020.3,rec_2020.31,rec_2020.32,rec_2020.33,rec_2020.34,rec_2020.35,rec_2020.36,rec_2020.37,rec_2020.38,rec_2020.39,rec_2020.4,rec_2020.41,rec_2020.42,rec_2020.43,rec_2020.44,rec_2020.45,rec_2020.46,rec_2020.47,rec_2020.48,rec_2020.49,rec_2020.5,rec_2020.51,rec_2020.52,rec_2020.53,rec_2021.01,rec_2021.02,rec_2021.03,rec_2021.04,rec_2021.05,rec_2021.06,rec_2021.07,rec_2021.08,rec_2021.09,rec_2021.1,rec_2021.11,rec_2021.12,rec_2021.13,rec_2021.14,rec_2021.15,rec_2021.16,rec_2021.17,rec_2021.18,rec_2021.19,rec_2021.2,rec_2021.21,rec_2021.22,rec_2021.23,rec_2021.24,rec_2021.25,rec_2021.26,rec_2021.27,rec_2021.28,rec_2021.29,rec_2021.3,rec_2021.31,rec_2021.32,rec_2021.33,rec_2021.34,rec_2021.35,rec_2021.36,rec_2021.37,rec_2021.38,rec_2021.39,rec_2021.4,rec_2021.41,rec_2021.42,rec_2021.43,rec_2021.44,rec_2021.45,rec_2021.46,rec_2021.47,rec_2021.48,rec_2021.49,rec_2021.5,rec_2021.51,rec_2021.52,rec_2022.01,rec_2022.02,rec_2022.03,rec_2022.04,rec_2022.05,rec_2022.06,rec_2022.07,rec_2022.08,period_1,period_2,period_3,period_4,period_4a,period_4b,rate_of_recovery,omicron_resilience
Albuquerque,Albuquerque, NM,1.06,0.87,0.83,0.82,0.785,0.75,0.8,0.76,0.79,0.86,0.8,0.79,0.68,0.7,0.72,0.65,0.69,0.66,0.64,0.67,0.66,0.64,0.58,0.68,0.7,0.71,0.79,0.82,0.78,0.795,0.81,0.76,0.75,0.82,0.73,0.64,1.12,0.64,0.75,0.61,0.83,0.65,0.65,0.64,0.77,null,0.84,0.66,0.58,0.76,0.7,0.65,0.63,0.74,0.73,0.58,0.56,0.55,0.61,0.68,0.62,0.63,0.7,0.69,0.71,0.69,0.69,0.72,0.7,0.68,0.7,0.71,0.74,0.68,0.75,0.71,0.7,0.79,0.9,0.86,0.85,0.84,0.83,0.83,0.81,0.8,0.79,0.73,0.76,0.73,0.75,0.76,0.61,0.93,0.7,0.67,0.65,0.81,0.89,0.79,1.69,1.65,1.64,1.39,1.29,1.34,0.742115385,0.7375,0.690769231,0.94037037,0.774210526,1.335,1.267148465,1.724337186
Atlanta,Atlanta, GA,0.84,0.96,0.83,0.47,0.45,0.43,0.37,0.4,0.44,0.6,0.52,0.49,0.52,0.42,0.62,0.47,0.54,0.49,0.48,0.51,0.36,0.36,0.26,0.48,0.41,0.53,0.6,0.41,0.55,0.675,0.8,0.57,0.53,0.44,0.33,0.4,0.35,0.3,0.34,0.24,0.4,0.28,0.35,0.27,0.34,null,0.45,0.41,0.27,0.41,0.4,0.62,0.33,0.4,0.6,0.39,0.37,0.44,0.79,0.4,0.44,0.56,0.45,0.42,0.41,0.46,0.44,0.47,0.48,0.53,0.52,0.58,0.49,0.49,0.53,0.48,0.53,0.51,0.79,0.92,0.94,1.01,0.81,0.89,0.96,0.84,0.55,0.51,0.79,0.71,0.64,0.65,0.39,0.9,0.43,0.51,0.39,0.57,0.56,0.69,0.64,0.79,0.61,0.8,0.82,0.57,0.509615385,0.425576923,0.498846154,0.69962963,0.705789474,0.685,1.372858141,0.97054437
Austin,Austin, TX,1.08,0.8,0.61,0.36,0.37,0.38,0.39,0.38,0.37,0.39,0.37,0.4,0.44,0.47,0.59,0.49,0.48,0.48,0.45,0.4,0.43,0.38,0.43,0.45,0.56,0.58,0.7,0.69,0.6,0.61,0.62,0.66,0.67,0.64,0.6,0.56,0.88,0.57,0.72,0.56,0.7,0.57,0.62,0.53,0.75,null,0.58,0.56,0.52,0.57,0.54,0.56,0.48,0.58,0.6,0.48,0.53,0.61,0.62,0.63,0.66,0.63,0.65,0.59,0.62,0.64,0.65,0.71,0.65,0.58,0.67,0.68,0.62,0.69,0.6,0.62,0.59,0.66,0.68,0.71,0.75,0.68,0.78,0.75,0.72,0.78,0.72,0.64,0.66,0.69,0.71,0.72,0.59,0.82,0.67,0.6,0.56,0.94,0.5,0.56,0.53,0.63,0.86,0.77,0.66,0.63,0.481923077,0.617692308,0.624615385,0.69,0.71,0.6425,1.431763767,0.904929577
Bakersfield,Bakersfield, CA,1.03,0.96,0.91,0.85,0.82,0.79,0.78,0.76,0.79,0.75,0.76,0.81,0.81,0.81,0.8,0.86,0.8,0.81,0.79,0.8,0.81,0.83,0.79,0.85,0.83,0.98,0.98,1,0.96,0.985,1.01,1.03,0.93,0.89,0.89,0.9,0.9,0.82,0.88,0.76,0.99,0.82,0.82,0.77,0.98,null,0.98,0.87,0.73,0.88,0.89,0.81,0.83,0.77,0.86,0.88,0.79,0.85,0.8,0.84,0.88,0.92,0.87,0.87,0.88,0.86,0.9,0.74,0.85,0.81,0.83,0.89,0.84,0.87,0.88,0.88,0.9,0.93,0.95,0.93,0.98,0.95,0.95,1.02,1.05,0.98,0.93,0.88,0.87,0.84,0.88,0.86,0.79,1,0.79,0.79,0.77,0.94,0.9,0.89,0.71,0.84,0.86,0.75,0.79,0.79,0.83,0.896346154,0.859230769,0.878888889,0.905263158,0.81625,1.058902276,0.901671512
Baltimore,Baltimore, MD,1,1.03,0.76,0.56,0.59,0.62,0.48,0.57,0.53,0.57,0.49,0.55,0.6,0.88,0.65,0.57,0.67,0.77,0.58,0.62,0.58,0.52,0.59,0.54,0.68,0.86,0.61,0.76,1.52,1.105,0.69,0.7,0.68,0.59,0.63,0.66,0.91,0.65,0.99,0.73,0.88,0.72,0.64,0.64,0.74,null,0.7,0.57,0.6,0.71,0.63,0.64,0.63,0.65,0.7,0.68,0.81,1.04,0.88,0.7,0.68,0.63,0.75,0.65,0.67,0.65,0.61,0.75,0.87,0.64,0.75,0.6,0.74,0.7,0.73,0.73,0.65,0.61,0.75,0.96,0.69,0.78,1.03,1.07,0.94,0.98,0.93,0.79,1.01,1.12,0.93,0.95,1.05,0.87,0.81,0.8,1.08,1.05,1.01,0.9,0.85,0.85,1.09,0.76,1.17,0.96,0.648461538,0.743269231,0.716153846,0.941851852,0.938947368,0.94875,1.452440578,1.010440022
Boston,Boston, MA,1.01,0.96,0.84,0.41,0.365,0.32,0.28,0.24,0.25,0.33,0.3,0.28,0.27,0.24,0.31,0.3,0.35,0.36,0.38,0.36,0.45,0.43,0.37,0.45,0.44,0.55,0.6,0.6,0.6,0.65,0.7,0.61,0.58,0.54,0.57,0.52,0.45,0.47,0.5,0.5,0.53,0.5,0.41,0.43,0.47,null,0.55,0.46,0.43,0.51,0.46,0.44,0.45,0.51,0.53,0.5,0.52,0.55,0.66,0.58,0.51,0.56,0.62,0.57,0.57,0.63,0.58,0.62,0.66,0.75,0.77,0.68,0.72,0.75,0.86,0.77,0.8,0.76,0.82,0.75,0.69,0.69,0.65,0.71,0.65,0.65,0.65,0.68,0.59,0.63,0.63,0.58,0.58,0.6,0.52,0.51,0.44,0.71,0.43,0.43,0.42,0.39,0.41,0.49,0.51,0.63,0.417115385,0.520384615,0.648076923,0.578518519,0.626842105,0.46375,1.386950805,0.739819479
Calgary,Calgary, AB,0.85,0.83,0.79,0.57,0.525,0.48,0.47,0.44,0.46,0.46,0.44,0.45,0.43,0.45,0.44,0.46,0.47,0.49,0.49,0.43,0.41,0.52,0.46,0.46,0.52,0.53,0.54,0.51,0.52,0.535,0.55,0.55,0.56,0.51,0.52,0.5,0.55,0.49,0.52,0.45,0.45,0.43,0.38,0.41,0.58,null,0.59,0.41,0.4,0.44,0.47,0.45,0.47,0.48,0.47,0.46,0.47,0.46,0.48,0.48,0.45,0.46,0.45,0.44,0.44,0.41,0.41,0.4,0.43,0.44,0.48,0.48,0.5,0.53,0.53,0.5,0.48,0.55,0.54,0.54,0.47,0.49,0.44,0.42,0.44,0.44,0.42,0.41,0.4,0.42,0.4,0.41,0.42,0.42,0.41,0.39,0.37,0.55,0.53,0.36,0.37,0.42,0.48,0.48,0.51,0.54,0.5125,0.491730769,0.47,0.442592593,0.434736842,0.46125,0.863595303,1.060986683
Charlotte,Charlotte, NC,1.08,1,0.83,0.58,0.605,0.63,0.59,0.53,0.48,0.5,0.49,0.45,0.5,0.75,0.6,0.47,0.45,0.59,0.56,0.59,0.53,0.5,0.47,0.55,0.94,0.69,0.54,0.6,0.65,0.565,0.48,0.58,0.47,0.6,0.83,0.64,1.04,1.15,0.85,0.53,0.63,0.43,0.52,0.51,0.57,null,0.47,0.4,0.28,0.43,0.39,0.52,0.43,0.42,0.43,0.44,0.35,0.36,0.44,0.46,0.54,0.48,0.55,0.5,0.51,0.46,0.67,0.64,0.51,0.48,0.49,0.62,0.54,0.5,0.49,0.59,0.57,0.57,0.51,0.63,0.88,0.6,0.56,0.52,0.59,0.53,0.67,0.59,0.59,0.59,0.53,0.69,0.42,0.75,0.57,0.39,0.61,0.91,0.44,0.68,0.34,0.49,0.68,0.66,0.5,0.63,0.613653846,0.580961538,0.504615385,0.594074074,0.611578947,0.5525,0.968093132,0.903399312
Chicago,Chicago, IL,1.03,0.86,0.81,0.4,0.34,0.28,0.26,0.25,0.24,0.3,0.25,0.26,0.25,0.23,0.19,0.26,0.3,0.32,0.4,0.39,0.32,0.32,0.3,0.29,0.29,0.4,0.42,0.65,0.51,0.525,0.54,0.5,0.49,0.42,0.46,0.34,0.54,0.4,0.49,0.33,0.44,0.35,0.41,0.28,0.32,null,0.42,0.35,0.3,0.4,0.42,0.32,0.32,0.38,0.4,0.38,0.37,0.4,0.47,0.37,0.35,0.34,0.45,0.36,0.48,0.41,0.43,0.46,0.45,0.44,0.49,0.48,0.57,0.48,0.53,0.82,0.44,0.51,0.59,0.57,0.58,0.6,0.71,0.68,0.6,0.6,0.51,0.47,0.45,0.52,0.49,0.77,0.75,0.62,0.51,0.54,0.52,0.62,0.52,0.66,0.56,0.61,0.7,0.49,0.64,0.62,0.366923077,0.420961538,0.455769231,0.589259259,0.584736842,0.6,1.605947667,1.02610261
Cincinnati,Cincinnati, OH,0.9,0.79,0.71,0.56,0.46,0.36,0.43,0.43,0.47,0.44,0.35,0.43,0.37,0.44,0.36,0.48,0.44,0.47,0.46,0.43,0.56,0.46,0.39,0.52,0.41,0.56,0.64,0.65,0.55,0.565,0.58,0.62,0.67,0.49,0.64,0.57,0.81,0.53,0.58,0.51,0.57,0.61,0.47,0.58,0.52,null,0.52,0.54,0.5,0.5,0.51,0.61,0.47,0.53,0.52,0.51,0.56,0.53,0.57,0.66,0.63,0.62,0.66,0.49,0.57,0.63,0.56,0.52,0.88,0.53,0.82,1.03,0.52,0.97,0.87,0.57,0.96,0.44,0.86,0.63,0.88,0.76,0.89,0.72,0.78,0.85,0.52,0.62,0.65,0.84,0.62,0.7,0.78,0.78,0.78,0.52,0.75,0.88,0.56,0.82,0.55,0.57,0.51,0.7,0.65,0.57,0.487692308,0.569423077,0.654230769,0.699259259,0.734210526,0.61625,1.433812361,0.839336918
Cleveland,Cleveland, OH,0.67,1.31,0.85,0.4,0.37,0.34,0.4,0.66,0.56,0.38,0.61,0.55,0.55,1.27,0.79,0.55,0.44,0.57,0.53,0.51,1.37,0.64,0.58,0.6,1.02,0.71,0.32,0.42,0.39,0.335,0.28,0.57,0.3,0.37,0.66,0.71,0.74,0.54,0.51,0.41,0.59,0.48,0.63,0.38,0.77,null,0.66,0.56,0.46,0.55,0.54,0.48,0.42,0.39,0.32,0.27,0.25,0.24,0.28,0.41,0.46,0.51,0.57,0.37,0.48,0.43,0.47,0.47,0.48,0.4,0.36,0.38,0.38,0.44,0.44,0.47,0.51,0.35,0.3,0.26,0.34,0.31,0.39,0.32,0.43,0.23,0.47,0.98,0.8,0.61,0.52,0.73,0.49,0.7,0.78,0.65,0.8,0.8,0.88,0.78,0.59,0.68,0.58,0.55,0.63,0.42,0.662692308,0.502884615,0.401153846,0.582222222,0.558421053,0.63875,0.878570968,1.143850141
Colorado Springs,Colorado Springs, CO,0.79,0.76,0.7,0.57,0.55,0.53,0.56,0.62,0.61,0.55,0.55,0.57,0.56,0.65,0.73,0.63,0.73,0.7,0.66,0.72,0.69,0.69,0.7,0.78,0.77,0.67,0.66,0.68,0.63,0.635,0.64,0.66,0.71,0.72,0.76,0.65,0.68,0.65,0.68,0.59,0.79,0.55,0.58,0.58,0.79,null,0.74,0.56,0.55,0.59,0.58,0.6,0.6,0.54,0.57,0.6,0.58,0.6,0.61,0.66,0.7,0.73,0.64,0.64,0.66,0.65,0.74,0.76,0.67,0.72,0.76,0.79,0.77,0.76,0.78,0.84,0.83,0.77,0.75,0.81,0.8,0.78,0.77,0.71,0.84,0.85,0.8,0.8,0.78,0.81,0.78,0.75,0.65,1.13,0.71,0.75,0.67,0.88,0.75,0.56,0.6,0.68,0.67,0.68,0.68,0.6,0.655384615,0.648269231,0.696923077,0.751481481,0.793157895,0.6525,1.146626674,0.822660916
Columbus,Columbus, OH,0.92,0.72,0.68,0.44,0.52,0.6,0.45,0.44,0.51,0.39,0.46,0.47,0.46,0.41,0.45,0.37,0.32,0.29,0.24,0.25,0.34,0.29,0.29,0.38,0.83,0.28,0.26,0.26,0.32,0.285,0.25,0.41,0.32,0.79,0.49,0.45,0.47,1.33,0.76,0.43,0.51,0.43,0.42,1.12,1.76,null,1.27,1.39,1.44,1.2,1.1,1.64,1.47,0.68,0.52,1.08,0.55,0.69,0.52,0.48,0.49,0.62,0.38,0.54,0.49,0.43,0.63,0.67,0.49,0.49,0.42,0.29,0.53,0.55,0.42,0.54,0.61,0.47,0.25,0.33,0.4,0.5,0.74,0.53,0.53,0.7,1.24,1.07,1.08,0.81,0.78,0.89,0.88,1.23,1.55,1.35,1.61,1.83,1.19,1.25,1.05,1.35,1.08,0.69,1.26,0.94,0.453846154,0.791346154,0.531923077,0.994814815,0.95,1.10125,2.191964846,1.159210526
Dallas,Dallas, TX,1.91,0.58,0.82,0.49,0.43,0.37,0.37,0.26,0.25,0.34,0.37,0.4,0.41,0.42,0.41,0.44,0.57,0.41,0.44,0.37,0.48,0.43,0.4,0.51,0.54,0.57,0.67,0.65,0.62,0.67,0.72,0.67,0.8,0.6,0.61,0.51,0.66,0.54,0.52,0.5,0.71,0.48,0.51,0.56,0.83,null,0.62,0.53,0.45,0.49,0.52,0.47,0.44,0.52,0.34,0.57,0.57,0.56,0.53,0.74,1.97,1.19,1.92,2.21,1.53,1.71,2.18,2.15,1.72,2.41,1.58,2.13,1.68,2.62,2.09,1.35,1.53,1.95,1.59,2.04,1.35,1.59,2.68,2.67,2.73,3.07,2.39,2.28,1.81,1.91,1.33,1.99,2.12,2.03,1.84,1.91,3.02,4.24,2.92,1.96,1.57,1.2,1.97,1.02,2.28,2.8,0.499615385,0.590384615,1.513076923,2.174814815,2.263157895,1.965,4.352978074,0.868255814
Denver,Denver, CO,1,1.37,0.68,0.3,0.375,0.45,0.38,0.36,0.3,0.36,0.39,0.36,0.37,0.39,0.37,0.43,0.39,0.47,0.45,0.53,0.7,0.56,0.55,0.56,0.61,0.63,0.61,0.59,0.52,0.525,0.53,0.58,0.68,0.63,0.62,0.52,1,0.7,0.7,0.53,0.69,0.56,0.55,0.6,0.75,null,0.52,0.52,0.56,0.57,0.51,0.65,0.49,0.51,0.46,0.34,0.39,0.55,0.58,0.54,0.49,0.44,0.52,0.96,0.76,0.55,0.65,0.49,0.62,0.64,0.65,0.64,0.7,0.73,0.64,0.62,0.64,0.58,0.62,0.58,0.61,0.69,0.54,0.58,0.64,0.51,0.59,0.59,0.63,0.65,0.63,0.6,0.58,0.85,0.57,0.55,0.61,0.77,0.46,0.57,0.54,0.67,0.8,0.52,0.58,0.55,0.512884615,0.604038462,0.588846154,0.60962963,0.619473684,0.58625,1.188629199,0.946367884
Detroit,Detroit, MI,1.23,0.89,0.65,0.35,0.28,0.21,0.27,0.3,0.29,0.21,0.26,0.22,0.24,0.23,0.24,0.23,0.31,0.29,0.28,0.3,0.3,0.25,0.23,0.37,0.33,0.4,0.54,0.54,0.65,0.64,0.63,0.51,0.55,0.49,0.37,0.3,0.57,0.36,0.37,0.27,0.21,0.26,0.28,0.33,0.25,null,0.32,0.32,0.27,0.23,0.41,0.5,0.36,0.42,0.41,0.36,0.46,0.59,0.54,0.56,0.53,0.5,0.4,0.57,0.43,0.44,0.41,0.45,0.41,0.39,0.45,0.48,0.48,0.45,0.49,0.45,0.51,0.51,0.54,0.6,0.56,0.87,0.45,0.79,0.49,0.7,0.73,0.42,0.63,0.5,0.51,0.54,0.75,0.5,0.57,0.5,0.54,0.55,0.58,0.37,0.37,0.34,0.49,0.6,0.94,0.7,0.352307692,0.405,0.470384615,0.577407407,0.589473684,0.54875,1.638929322,0.930915179
Edmonton,Edmonton, AB,0.86,0.82,0.84,0.74,0.715,0.69,0.67,0.66,0.7,0.64,0.64,0.61,0.58,0.6,0.6,0.62,0.61,0.57,0.55,0.58,0.58,0.62,0.6,0.67,0.62,0.52,0.56,0.66,0.65,0.615,0.58,0.55,0.52,0.54,0.55,0.55,0.59,0.53,0.55,0.53,0.6,0.5,0.54,0.58,0.83,null,0.8,0.55,0.55,0.56,0.61,0.5,0.56,0.54,0.54,0.53,0.5,0.52,0.53,0.56,0.59,0.62,0.56,0.55,0.58,0.57,0.52,0.46,0.49,0.53,0.52,0.52,0.56,0.49,0.55,0.56,0.45,0.51,0.41,0.47,0.53,0.56,0.54,0.51,0.52,0.5,0.53,0.51,0.49,0.56,0.49,0.55,0.49,0.54,0.48,0.5,0.53,0.73,0.68,0.51,0.52,0.51,0.53,0.55,0.57,0.57,0.650192308,0.582884615,0.529230769,0.535925926,0.527894737,0.555,0.824257561,1.051345962
El Paso,El Paso, TX,0.89,0.85,0.87,0.92,0.815,0.71,0.72,0.73,0.74,0.77,0.76,0.73,0.72,0.57,0.71,0.77,0.71,0.69,0.61,0.69,0.73,0.64,0.61,0.7,0.64,0.7,0.73,0.81,0.84,0.86,0.88,0.88,0.83,0.69,0.78,0.84,0.77,0.82,0.88,0.68,0.81,0.79,0.87,0.85,0.7,null,0.86,0.64,0.63,0.7,0.73,0.68,0.68,0.71,0.8,0.74,0.75,0.66,0.69,0.72,0.79,0.79,0.81,0.82,0.9,0.91,0.78,0.83,0.86,0.82,0.92,0.84,0.84,0.8,0.87,0.78,0.81,0.89,0.87,0.82,0.91,1.04,0.96,1.05,1,0.99,0.78,0.91,0.82,0.83,0.88,1.09,1.57,0.98,0.94,0.93,1.19,1.12,0.87,0.79,0.65,0.67,0.69,0.77,0.72,0.95,0.730576923,0.778076923,0.807692308,0.922962963,0.99,0.76375,1.263334406,0.771464646
Fort Worth,Fort Worth, TX,0.98,0.85,0.85,0.61,0.555,0.5,0.47,0.33,0.42,0.39,0.49,0.47,0.55,0.51,0.52,0.67,0.58,0.58,0.44,0.55,0.58,0.38,0.53,0.77,0.71,0.72,0.69,0.72,0.75,0.745,0.74,0.59,0.73,0.66,0.66,0.64,0.71,0.64,0.59,0.41,0.95,0.93,0.53,0.5,0.62,null,0.53,1.26,0.48,0.86,0.6,0.49,0.47,0.95,0.86,0.64,0.68,0.57,0.63,0.66,0.54,0.64,0.65,0.72,0.59,0.69,0.65,0.6,0.76,0.65,0.75,0.68,1.25,0.77,0.47,0.66,0.79,0.76,0.75,0.75,0.74,0.76,0.69,0.88,0.66,0.77,0.71,0.72,0.72,0.76,0.73,0.9,0.48,0.84,0.83,0.7,0.6,0.67,0.62,1.34,0.52,0.62,0.96,0.49,0.77,0.68,0.577115385,0.672884615,0.706153846,0.737407407,0.732105263,0.75,1.277746924,1.024442847
Fresno,Fresno, CA,1.04,0.91,0.79,1.03,0.93,0.83,0.76,0.72,0.7,0.77,0.74,0.82,0.67,0.74,0.68,0.7,0.68,0.69,0.62,0.71,0.7,0.72,0.64,0.71,0.7,0.8,0.82,0.79,0.81,0.795,0.78,0.77,0.8,0.7,0.74,0.79,0.79,0.58,0.66,0.56,0.85,0.72,0.69,0.64,0.8,null,0.79,0.7,0.63,0.8,0.63,0.61,0.58,0.66,0.67,0.64,0.67,0.59,0.61,0.6,0.63,0.59,0.66,0.7,0.73,0.63,0.66,0.63,0.75,0.66,0.75,0.73,0.78,0.72,0.72,0.69,0.73,0.69,0.7,0.78,0.71,0.76,0.78,0.8,0.72,0.79,0.71,0.73,0.76,0.7,0.62,1.27,1.02,0.97,0.74,0.67,0.63,0.83,0.82,1.21,0.56,0.93,0.65,0.97,0.72,0.92,0.761538462,0.724038462,0.676538462,0.806296296,0.788947368,0.8475,1.058772914,1.074216144
Halifax,Halifax, NS,0.94,0.82,0.68,0.59,0.56,0.53,0.44,0.42,0.62,0.56,0.5,0.45,0.42,0.38,0.44,0.44,0.45,0.58,0.51,0.39,0.66,0.48,0.39,0.43,0.48,0.47,0.5,0.47,0.5,0.525,0.55,0.47,0.36,0.43,0.52,0.53,0.58,0.55,0.55,0.5,0.48,0.47,0.5,0.54,0.83,null,0.75,0.55,0.63,0.54,0.54,0.51,0.51,0.52,0.52,0.43,0.45,0.42,0.47,0.48,0.46,0.59,0.53,0.51,0.44,0.41,0.38,0.39,0.41,0.43,0.44,0.46,0.51,0.47,0.42,0.38,0.4,0.53,0.45,0.48,0.5,0.54,0.53,0.53,0.5,0.41,0.47,0.54,0.52,0.57,0.52,0.54,0.53,0.51,0.52,0.49,0.51,0.8,0.67,0.49,0.44,0.51,0.59,0.57,0.52,0.57,0.524230769,0.534038462,0.457692308,0.532222222,0.526842105,0.545,1.015244151,1.034465534
Honolulu,Honolulu, HI,1.13,1.05,1.05,1.13,1.18,1.23,1.17,1.12,1.13,1.13,1.1,1.12,1.01,0.96,1.19,1.06,1.13,1.01,0.98,1.27,1.18,1.07,1.07,1.14,1.14,1.06,1.09,1.09,1.14,1.11,1.08,1.11,1.02,0.97,0.96,0.93,0.96,0.87,0.96,0.74,1.1,0.93,0.85,0.81,0.95,null,1.16,1,0.9,1.01,0.93,0.86,0.9,0.95,0.85,0.86,0.8,0.78,0.8,0.88,0.85,0.91,0.9,0.82,0.82,0.79,0.78,0.78,0.73,0.78,0.68,0.78,0.81,0.76,0.68,0.87,0.75,0.74,0.77,0.82,0.84,0.81,0.86,0.9,0.89,0.88,0.8,0.82,0.8,0.81,0.73,0.9,0.74,1.09,0.77,0.77,0.71,0.79,0.9,0.95,0.85,0.95,0.88,0.84,0.83,0.88,1.108076923,0.978076923,0.804615385,0.844814815,0.827894737,0.885,0.762415314,1.068976478
Houston,Houston, TX,1.06,0.97,0.81,0.54,0.495,0.45,0.39,0.38,0.37,0.34,0.36,0.38,0.46,0.44,0.54,0.45,0.4,0.44,0.41,0.51,0.54,0.46,0.38,0.41,0.43,0.51,0.42,0.59,0.48,0.475,0.47,0.52,0.54,0.47,0.6,0.45,0.7,0.58,0.76,0.54,0.68,0.54,0.56,0.46,0.67,null,0.63,0.47,0.41,0.49,0.43,0.47,0.35,0.46,0.46,0.45,0.58,0.55,0.44,0.6,0.7,0.51,0.54,0.5,0.54,0.5,0.61,0.63,0.51,0.6,0.52,0.55,0.82,0.64,0.68,0.59,0.65,0.52,0.63,0.53,0.54,0.67,0.81,0.69,0.9,0.85,0.8,0.78,0.8,0.68,0.65,1.42,2.36,1.4,1.73,0.98,0.91,1.1,0.78,0.62,0.62,0.56,0.64,0.62,0.59,0.63,0.497115385,0.529038462,0.568461538,0.876296296,0.978947368,0.6325,1.762762376,0.646102151
Indianapolis,Indianapolis, IN,1.04,0.89,0.88,0.5,0.475,0.45,0.33,0.28,0.42,0.41,0.32,0.36,0.39,0.43,0.72,0.41,0.37,0.44,0.31,0.51,0.55,0.58,0.52,0.47,0.56,0.45,0.45,0.72,0.52,0.495,0.47,0.48,0.51,0.48,0.47,0.4,0.35,0.4,0.4,0.46,0.48,0.43,0.44,0.41,0.51,null,0.49,0.87,0.39,0.63,0.56,0.66,0.5,0.78,0.57,0.7,0.47,0.4,0.46,0.47,0.43,0.67,0.45,0.4,0.74,0.48,0.45,0.52,0.46,0.48,0.58,0.37,0.47,0.54,0.63,0.54,0.53,0.55,0.56,0.52,0.53,0.66,0.52,0.56,0.53,0.54,0.54,0.59,0.8,0.39,0.66,0.49,0.48,0.56,0.53,0.5,0.46,0.64,0.6,0.8,0.3,0.49,0.44,0.38,0.5,0.51,0.5025,0.499038462,0.526923077,0.537777778,0.552631579,0.5025,1.070204533,0.909285714
Jacksonville,Jacksonville, FL,1.28,0.89,0.55,0.6,0.59,0.58,0.53,0.47,0.51,0.49,0.27,0.44,0.42,0.42,0.45,0.49,0.5,0.5,0.52,0.52,0.43,0.36,0.44,0.43,0.49,0.4,0.51,0.49,0.48,0.49,0.5,0.58,0.5,0.42,0.47,0.37,0.43,0.42,0.53,0.5,0.43,0.51,0.48,0.59,0.62,null,0.35,0.54,0.56,0.46,0.52,0.5,0.49,0.5,0.5,0.36,0.53,0.41,0.44,0.5,0.49,0.6,0.58,0.32,0.5,0.54,0.52,0.77,0.63,0.53,0.67,0.54,0.57,0.49,0.51,0.74,0.58,0.82,0.43,0.58,0.59,0.67,0.77,0.7,0.89,0.86,0.49,0.5,1.21,0.55,0.85,0.68,0.72,0.48,0.6,0.72,0.51,0.7,0.45,0.64,0.6,0.62,0.61,0.65,0.59,0.69,0.521923077,0.49,0.541153846,0.663703704,0.687894737,0.60625,1.271650427,0.881312165
Kansas City,Kansas City, MO,1.09,1.55,1.78,1.83,1.63,1.43,0.8,0.9,1.22,1.11,1.22,0.73,0.85,1.21,1.37,1.06,0.86,1.14,1.14,1.2,1,0.76,1.19,1.03,0.69,0.76,0.62,0.57,0.38,0.365,0.35,0.48,0.57,0.61,0.61,0.52,1,0.68,0.63,0.53,0.57,0.42,0.52,0.46,0.34,null,0.27,0.5,0.45,0.54,0.52,0.54,0.36,0.44,0.39,0.5,0.41,0.44,0.57,0.62,0.4,0.69,0.54,0.57,0.49,0.55,0.66,0.67,0.58,0.61,0.62,0.52,0.96,0.6,0.52,0.85,0.77,0.54,0.78,0.56,0.45,0.34,0.47,0.35,0.43,0.57,0.61,0.56,0.53,0.53,0.62,0.54,0.53,0.62,0.42,0.72,0.4,0.35,0.28,0.75,0.69,0.54,0.53,0.61,0.69,0.57,1.136538462,0.515576923,0.588076923,0.528148148,0.505263158,0.5825,0.464698878,1.152864583
Las Vegas,Las Vegas, NV,1.12,0.94,0.92,0.89,0.795,0.7,0.68,0.66,0.67,0.69,0.61,0.64,0.64,0.67,0.8,0.8,0.81,0.85,0.83,0.9,0.91,0.82,0.81,0.92,0.86,0.77,0.76,0.82,0.79,0.765,0.74,0.82,0.84,0.85,0.87,0.94,0.81,0.88,0.78,0.78,0.86,0.71,0.67,0.77,1.02,null,0.73,0.91,0.8,0.9,0.95,0.91,0.88,0.93,0.89,0.88,0.89,0.89,0.87,0.86,0.96,0.96,0.97,0.89,0.91,0.91,0.92,0.94,0.91,0.87,0.88,0.81,0.87,0.89,0.84,0.87,0.89,0.91,0.79,0.78,0.82,0.84,0.91,0.75,0.87,0.89,0.88,0.85,0.95,0.89,0.91,0.85,0.85,1.06,0.8,0.67,0.68,0.96,0.79,1.03,0.86,0.94,0.89,0.94,0.93,0.98,0.796346154,0.829038462,0.892307692,0.872962963,0.853157895,0.92,1.096210434,1.0783467
London,London, ON,0.73,0.67,0.65,0.53,0.54,0.55,0.53,0.49,0.55,0.52,0.46,0.45,0.41,0.43,0.45,0.43,0.43,0.46,0.44,0.4,0.43,0.41,0.37,0.42,0.45,0.44,0.45,0.56,0.49,0.505,0.52,0.49,0.52,0.57,0.58,0.58,0.64,0.57,0.61,0.6,0.63,0.64,0.57,0.53,0.82,null,0.77,0.53,0.55,0.5,0.54,0.48,0.49,0.49,0.46,0.47,0.45,0.46,0.5,0.53,0.55,0.57,0.56,0.5,0.5,0.48,0.49,0.45,0.47,0.43,0.52,0.48,0.45,0.46,0.47,0.48,0.49,0.51,0.48,0.51,0.52,0.52,0.49,0.54,0.52,0.58,0.63,0.62,0.65,0.68,0.68,0.71,0.71,0.71,0.67,0.65,0.54,0.76,0.67,0.46,0.51,0.5,0.59,0.59,0.54,0.63,0.486153846,0.566730769,0.488461538,0.599259259,0.615263158,0.56125,1.23265354,0.912211292
Los Angeles,Los Angeles, CA,0.93,0.89,0.82,0.74,0.665,0.59,0.58,0.61,0.62,0.7,0.71,0.65,0.69,0.73,0.7,0.71,0.7,0.69,0.67,0.74,0.8,0.66,0.66,0.74,0.73,0.74,0.78,0.8,0.8,0.805,0.81,0.8,0.84,0.78,0.78,0.76,0.76,0.73,0.75,0.7,0.84,0.76,0.7,0.66,0.76,null,0.78,0.61,0.62,0.72,0.73,0.79,0.68,0.69,0.69,0.89,0.76,0.67,0.69,0.65,0.66,0.66,0.74,0.73,0.66,0.69,0.69,0.75,0.68,0.69,0.7,0.75,0.76,0.7,0.69,0.72,0.72,0.72,0.76,0.83,0.91,0.81,0.82,0.77,0.88,0.85,0.74,0.79,0.7,0.72,0.69,0.69,0.85,0.83,0.72,0.72,0.81,0.87,0.85,0.76,0.65,0.67,0.66,0.66,0.62,0.68,0.710192308,0.751730769,0.711923077,0.761111111,0.789473684,0.69375,1.071697205,0.87875
Louisville,Louisville, KY,1.02,1.09,0.94,0.52,1.06,1.6,1.31,0.76,0.57,0.45,0.44,0.44,0.46,0.4,0.45,0.43,0.36,0.38,0.39,0.42,0.45,0.5,0.46,0.46,0.47,0.42,0.43,0.35,0.38,0.295,0.21,0.26,0.28,0.37,0.45,0.45,0.76,0.69,0.54,0.56,0.68,0.48,0.49,0.51,0.7,null,0.78,0.58,0.44,0.55,0.51,0.59,0.51,0.49,0.56,0.42,0.51,0.48,0.42,0.52,0.48,0.59,0.5,0.48,0.5,0.49,0.48,0.5,0.61,0.46,0.56,0.51,0.71,0.55,0.68,0.58,0.51,0.65,0.56,0.46,0.39,0.4,0.33,0.3,0.36,0.34,0.44,0.56,0.49,0.6,0.64,0.59,0.43,0.76,0.57,0.55,0.52,0.92,0.88,0.69,0.46,0.5,0.58,0.6,0.63,0.57,0.625,0.494038462,0.530769231,0.539259259,0.507894737,0.61375,0.862814815,1.208419689
Memphis,Memphis, TN,1.06,1.06,0.83,0.61,0.565,0.52,0.6,0.59,0.58,0.59,0.43,0.58,0.52,0.65,0.65,0.7,0.6,0.66,0.63,0.68,0.61,0.66,0.65,0.69,0.78,0.74,0.75,0.79,0.83,0.795,0.76,0.72,0.72,0.72,0.76,0.66,0.72,0.66,0.73,0.6,0.7,0.58,0.62,0.6,0.69,null,0.62,0.7,0.78,0.72,0.7,0.73,0.64,0.58,0.68,0.73,0.63,0.61,0.6,0.68,0.67,0.64,0.67,0.55,0.79,0.6,0.71,0.77,0.79,0.78,0.79,0.8,0.78,0.79,0.81,0.8,0.7,0.8,0.75,0.77,0.88,0.97,0.96,0.84,0.86,0.85,0.88,0.99,0.83,0.8,0.86,1.09,0.8,0.93,0.7,0.71,0.7,1.11,0.76,0.91,0.84,0.87,0.83,0.84,0.89,0.89,0.662884615,0.703653846,0.711538462,0.865185185,0.87,0.85375,1.305182177,0.981321839
Miami,Miami, FL,0.94,0.93,0.9,0.92,0.87,0.82,0.79,0.81,0.87,0.69,0.69,0.7,0.79,0.83,0.76,0.8,0.81,0.87,0.92,0.92,0.84,0.84,0.76,0.83,0.76,0.76,0.83,1.57,1.07,1.04,1.01,1.05,1.02,0.86,1.04,0.92,1.78,0.98,1.22,1.15,1.09,1.03,1,0.94,1.06,null,0.97,0.91,0.75,0.84,0.88,0.9,0.9,0.89,0.87,0.9,0.94,0.98,0.97,0.97,0.93,0.99,0.81,0.88,0.89,0.94,0.95,0.94,0.98,0.96,1.1,0.98,1,0.96,0.9,0.86,0.92,0.89,0.89,0.83,0.86,0.83,0.82,0.88,0.86,0.88,0.8,0.85,0.89,0.9,0.92,0.93,0.92,0.94,0.91,1,0.88,1.01,0.74,1.08,0.75,0.71,0.75,0.75,0.77,0.77,0.823846154,1.031153846,0.934230769,0.86037037,0.89,0.79,1.044333783,0.887640449
Milwaukee,Milwaukee, WI,1.07,1.09,0.93,0.67,0.655,0.64,0.62,0.55,0.62,0.61,0.59,0.65,0.66,0.71,0.76,0.65,0.68,0.73,0.37,0.3,0.62,0.61,0.56,0.75,0.74,0.55,0.61,0.77,0.71,0.705,0.7,0.62,0.71,0.71,0.87,0.67,1.7,0.91,1.12,0.84,0.96,0.83,0.84,0.65,0.73,null,0.73,0.7,0.71,0.75,0.72,0.73,0.7,0.74,0.76,0.73,0.74,0.76,0.74,0.83,0.74,0.84,0.79,0.78,0.8,0.79,0.75,0.83,0.76,0.76,0.82,0.38,0.35,0.76,0.82,0.75,0.83,0.77,0.78,0.76,0.96,1.01,0.94,0.72,0.73,0.86,0.8,0.88,0.8,0.87,0.83,0.85,0.81,1.07,0.91,0.86,0.72,0.91,0.79,0.9,0.88,0.97,0.94,0.89,0.88,0.9,0.668653846,0.795961538,0.746153846,0.868148148,0.857368421,0.89375,1.298352134,1.042434009
Minneapolis,Minneapolis, MN,1.05,0.89,0.83,0.57,0.535,0.5,0.35,0.38,0.47,0.57,0.34,0.45,0.4,0.34,0.38,0.57,0.48,0.43,0.39,0.42,0.27,0.33,0.37,0.39,0.45,0.4,0.65,0.65,0.43,0.485,0.54,0.5,0.48,0.37,0.47,0.63,0.49,0.39,0.24,0.27,0.44,0.28,0.3,0.33,0.26,null,0.49,0.37,0.32,0.46,0.41,0.33,0.33,0.48,0.48,0.33,0.36,0.37,0.42,0.22,0.29,0.31,0.46,0.29,0.36,0.37,0.38,0.47,0.4,0.4,0.44,0.42,0.38,0.29,0.4,0.41,0.44,0.59,0.62,0.52,0.45,0.41,0.44,0.64,0.66,0.8,0.38,0.47,0.57,0.52,0.73,0.64,0.5,0.52,0.63,0.43,0.63,0.35,0.63,0.36,0.37,0.42,0.45,0.54,0.55,0.43,0.482884615,0.419807692,0.399230769,0.52,0.541578947,0.46875,1.076861808,0.865524781
Mississauga,Missisauga, ON,1.1,0.93,0.83,0.78,0.76,0.74,0.78,0.76,0.76,0.75,0.68,0.73,0.72,0.67,0.65,0.74,0.68,0.75,0.73,0.73,0.75,0.76,0.84,0.85,0.87,0.82,0.82,0.8,0.87,0.86,0.85,0.85,0.86,0.86,0.87,0.89,0.92,0.92,0.96,0.69,0.79,0.75,0.75,0.77,0.67,null,0.67,0.62,0.63,0.65,0.65,0.65,0.64,0.67,0.64,0.69,0.69,0.68,0.69,0.74,0.73,0.68,0.7,0.68,0.74,0.74,0.7,0.6,0.69,0.64,0.74,0.76,0.75,0.76,0.75,0.78,0.77,0.79,0.77,0.77,0.71,0.76,0.72,0.75,0.74,0.77,0.84,0.78,0.77,0.75,0.77,0.78,0.7,0.7,0.77,0.81,0.95,0.75,0.67,0.64,0.63,0.63,0.71,0.73,0.71,0.85,0.775384615,0.779230769,0.714230769,0.746666667,0.767894737,0.69625,0.962962963,0.906699794
Montreal,Montreal, QC,0.72,0.85,0.75,0.53,0.5,0.47,0.41,0.4,0.4,0.44,0.42,0.43,0.4,0.43,0.45,0.41,0.43,0.44,0.46,0.43,0.46,0.46,0.44,0.48,0.51,0.49,0.52,0.52,0.48,0.47,0.46,0.43,0.43,0.42,0.47,0.46,0.49,0.47,0.48,0.51,0.5,0.54,0.51,0.54,0.56,null,0.57,0.44,0.45,0.46,0.46,0.42,0.45,0.43,0.47,0.42,0.44,0.46,0.46,0.44,0.42,0.44,0.48,0.46,0.42,0.43,0.46,0.47,0.45,0.47,0.52,0.59,0.51,0.55,0.6,0.63,0.65,0.64,0.71,0.72,0.68,0.64,0.6,0.59,0.58,0.64,0.6,0.68,0.63,0.65,0.66,0.65,0.71,0.67,0.66,0.61,0.55,0.6,0.47,0.42,0.43,0.51,0.56,0.55,0.57,0.59,0.485,0.481153846,0.500769231,0.600740741,0.637894737,0.5125,1.238640703,0.803424092
Nashville,Nashville, TN,1.05,1.02,0.9,0.31,0.28,0.25,0.23,0.3,0.26,0.21,0.28,0.34,0.32,0.31,0.33,0.29,0.46,0.47,0.43,0.34,0.4,0.36,0.33,0.38,0.38,0.44,0.5,0.65,0.6,0.625,0.65,0.67,0.71,0.51,0.57,0.51,0.67,0.57,0.52,0.5,0.63,0.52,0.49,0.41,0.56,null,0.37,0.57,0.47,0.56,0.69,0.78,0.7,0.59,0.62,0.78,0.72,0.64,0.71,0.69,0.65,0.69,0.59,0.59,0.86,0.8,0.75,0.78,0.59,0.86,0.85,1.06,0.84,0.95,0.9,1.15,0.94,0.83,0.82,0.96,0.91,1.23,1.04,1.05,1.03,1.05,0.8,0.84,0.74,0.81,0.82,0.78,0.68,0.83,0.66,0.64,0.68,1.05,0.43,0.81,0.75,0.72,0.71,0.77,0.74,0.78,0.410384615,0.577115385,0.778846154,0.826296296,0.873684211,0.71375,2.013468013,0.816942771
New Orleans,New Orleans, LA,1.06,0.77,0.68,0.4,0.345,0.29,0.29,0.25,0.31,0.33,0.33,0.33,0.34,0.3,0.38,0.36,0.42,0.48,0.44,0.35,0.52,0.46,0.4,0.45,0.47,0.51,0.57,0.61,0.69,0.695,0.7,0.6,0.54,0.58,0.6,0.63,0.65,0.55,0.6,0.55,0.44,0.51,0.54,0.58,0.63,null,0.37,0.46,0.38,0.52,0.52,0.51,0.51,0.5,0.46,0.5,0.71,0.67,0.67,0.66,0.51,0.59,0.7,0.72,0.71,0.76,0.81,0.79,0.78,0.81,0.8,0.77,0.64,0.94,0.88,0.77,0.69,0.6,0.61,0.59,0.51,0.62,0.55,0.56,0.64,0.56,0.57,0.57,0.69,0.81,0.61,0.7,0.85,0.65,0.69,0.65,0.65,1.19,0.42,0.68,0.44,0.62,0.67,0.61,0.71,0.8,0.433269231,0.559038462,0.694230769,0.652222222,0.666315789,0.61875,1.50535089,0.928613744
New York,New York, NY,1.01,0.99,0.77,0.36,0.29,0.22,0.24,0.24,0.25,0.27,0.28,0.28,0.27,0.25,0.27,0.25,0.28,0.29,0.26,0.28,0.29,0.28,0.25,0.29,0.31,0.37,0.41,0.39,0.42,0.46,0.5,0.45,0.43,0.39,0.41,0.41,0.38,0.35,0.36,0.33,0.37,0.36,0.31,0.34,0.33,null,0.32,0.41,0.37,0.44,0.41,0.42,0.38,0.45,0.47,0.39,0.38,0.37,0.44,0.41,0.4,0.4,0.43,0.46,0.46,0.47,0.48,0.5,0.5,0.54,0.54,0.55,0.55,0.57,0.61,0.57,0.58,0.55,0.62,0.62,0.62,0.67,0.67,0.69,0.65,0.69,0.62,0.65,0.61,0.69,0.67,0.68,0.82,0.74,0.72,0.72,0.71,0.71,0.51,0.6,0.56,0.66,0.63,0.67,0.66,0.73,0.351538462,0.390384615,0.488076923,0.665555556,0.681578947,0.6275,1.893265257,0.920656371
Oakland,Oakland, CA,1.04,1.05,1.06,0.87,0.83,0.79,0.92,0.89,0.88,0.81,0.76,0.8,0.73,0.7,0.73,0.62,0.67,0.67,0.6,0.61,0.63,0.66,0.66,0.74,0.74,0.78,0.9,0.9,0.85,0.93,1.01,0.93,0.93,0.69,0.66,0.67,0.56,0.51,0.61,0.7,0.77,0.61,0.59,0.52,0.67,null,0.61,0.58,0.5,0.6,0.66,0.63,0.62,0.64,0.62,0.65,0.6,0.58,0.56,0.63,0.66,0.69,0.86,0.7,0.62,0.61,0.59,0.62,0.58,0.61,0.66,0.67,0.68,0.67,0.63,0.67,0.67,0.67,0.63,1,0.78,0.64,0.81,0.85,0.82,0.92,0.62,0.59,0.6,0.73,0.65,0.67,0.6,0.69,0.58,0.54,0.59,0.74,0.64,0.57,0.53,0.57,0.55,0.55,0.54,0.65,0.778461538,0.700384615,0.645,0.667407407,0.706315789,0.575,0.857341531,0.814083458
Oklahoma City,Oklahoma City, OK,1.08,1.06,1.03,0.63,0.58,0.53,0.45,0.69,0.52,0.35,0.31,0.5,0.38,0.45,0.59,0.53,0.45,0.46,0.58,0.73,0.63,0.51,0.84,0.56,0.59,1.45,0.67,0.54,0.88,0.645,0.41,0.62,1.06,1.23,0.84,1.3,1.31,0.52,1.93,1.02,2,1.19,1.96,1.79,1.56,null,0.47,1.66,0.85,0.6,1.48,2.12,1.97,0.83,0.56,1.06,0.55,0.41,0.43,1.15,1.58,0.81,1.2,0.62,0.94,1.13,1.2,1.11,0.62,0.82,1.47,1.67,2,1.19,1.36,1.37,0.84,0.92,1.1,0.8,0.64,0.78,0.79,0.9,1.72,1.13,1.05,1.49,1.31,1.44,0.82,1.77,1.67,1.13,0.98,1.35,1.31,2.52,1.48,2.07,1.36,1.34,1.79,0.98,1.79,1.27,0.633846154,1.177884615,1.036153846,1.321481481,1.242105263,1.51,2.084861561,1.215677966
Omaha,Omaha, NE,0.98,1.28,0.98,0.84,0.72,0.6,0.54,0.59,0.61,0.82,0.59,0.55,0.52,0.58,0.61,0.55,0.25,0.24,0.31,0.67,0.6,0.64,0.66,0.8,0.79,0.63,0.66,0.72,0.62,0.655,0.69,0.63,0.73,0.65,0.81,0.62,1.32,0.75,0.86,0.58,0.91,0.55,0.56,0.51,0.7,null,0.53,0.44,0.49,1.09,0.75,1.06,0.7,0.53,0.7,0.67,0.63,0.62,0.58,0.63,0.76,0.83,0.89,0.96,0.9,0.72,0.64,0.91,0.77,0.83,0.94,1.01,0.93,0.79,0.71,0.84,0.78,0.83,0.81,0.69,0.83,0.84,0.85,0.91,0.89,0.98,0.72,0.86,0.96,0.91,0.98,0.87,0.69,1.2,0.63,0.71,0.64,1,0.74,0.68,0.72,1.06,0.86,1,1.05,0.76,0.651923077,0.714807692,0.777307692,0.852962963,0.850526316,0.85875,1.308379766,1.009668936
Orlando,Orlando, FL,1.13,1.41,1.76,1.87,1.875,1.88,1.21,1.35,1.33,1.25,1.64,1.67,1.88,2.09,2.36,1.85,1.39,1.16,1.73,1.9,1.33,2.67,2.85,1.28,2.09,1.61,0.78,0.34,0.24,0.205,0.17,0.23,0.22,0.43,0.86,0.74,1.16,0.93,0.98,0.82,0.84,0.79,0.9,0.71,0.83,null,0.82,0.78,0.92,0.71,0.8,0.77,0.88,0.77,0.69,0.9,0.69,0.67,0.56,0.6,0.62,0.6,0.61,0.6,0.69,0.89,0.89,0.79,0.54,0.58,0.43,0.86,0.67,0.54,0.67,0.66,0.57,0.7,0.41,0.31,0.26,0.19,0.18,0.21,0.21,0.35,0.54,0.95,1.09,1.08,0.78,1.59,2.9,1.76,1.95,1.82,1.83,1.85,1.96,2.26,2.3,1.53,2.11,1.19,1.95,1.48,1.714038462,0.686730769,0.661538462,1.282592593,1.044736842,1.8475,0.748286938,1.768387909
Ottawa,Ottawa, ON,0.83,0.89,0.84,0.58,0.54,0.5,0.43,0.43,0.48,0.5,0.43,0.45,0.42,0.42,0.44,0.42,0.42,0.44,0.51,0.45,0.49,0.66,0.81,0.7,0.67,0.53,0.56,0.54,0.51,0.46,0.41,0.39,0.36,0.39,0.44,0.42,0.48,0.46,0.5,0.42,0.43,0.42,0.41,0.48,0.63,null,0.63,0.49,0.46,0.52,0.5,0.45,0.46,0.43,0.47,0.45,0.45,0.45,0.48,0.42,0.44,0.44,0.46,0.44,0.43,0.39,0.42,0.41,0.42,0.4,0.45,0.54,0.46,0.48,0.53,0.54,0.53,0.52,0.51,0.5,0.55,0.54,0.51,0.47,0.45,0.44,0.49,0.52,0.46,0.54,0.53,0.54,0.49,0.48,0.47,0.41,0.42,0.65,0.54,0.46,0.45,0.61,0.58,0.55,0.47,0.5,0.549230769,0.47,0.46,0.504444444,0.497894737,0.52,0.918456271,1.044397463
Philadelphia,Philadelphia, PA,1.04,1.06,0.76,0.55,0.505,0.46,0.41,0.34,0.33,0.41,0.39,0.38,0.45,0.69,0.38,0.33,0.41,0.39,0.45,0.44,0.47,0.37,0.35,0.45,0.39,0.44,0.56,0.72,0.66,0.68,0.7,0.61,0.61,0.55,0.58,0.5,0.52,0.73,0.7,0.42,0.44,0.6,0.46,0.35,0.37,null,0.42,0.48,0.49,0.57,0.75,0.55,0.7,0.64,0.67,0.87,0.72,0.64,0.67,0.71,0.55,0.46,0.53,0.91,0.61,0.51,0.46,0.51,0.46,0.5,0.62,0.83,0.75,0.56,0.61,0.53,0.62,0.52,0.64,0.67,0.62,0.69,0.67,0.81,0.76,0.84,0.73,0.71,0.81,0.64,0.62,0.79,1.24,0.79,0.82,0.74,0.63,0.76,0.55,0.6,0.61,0.71,0.56,0.53,0.65,0.58,0.486346154,0.566153846,0.619230769,0.708518519,0.754736842,0.59875,1.456819413,0.793322873
Phoenix,Phoenix, AZ,0.97,0.9,0.75,0.87,0.88,0.89,0.59,0.6,0.74,0.68,0.67,0.57,0.7,1.26,1.16,1.01,0.7,0.7,0.54,0.91,0.69,0.78,0.93,0.72,0.96,0.95,0.79,0.53,0.54,0.445,0.35,0.66,0.48,0.72,0.69,0.63,1.08,1.08,0.72,0.98,0.8,0.85,0.73,0.6,0.76,null,0.62,1.01,0.83,0.86,0.62,0.64,0.62,0.56,0.47,0.61,0.63,0.56,0.59,0.6,0.68,0.82,0.67,0.65,0.57,0.47,0.56,0.64,0.7,0.72,0.69,0.72,1.17,0.56,0.59,0.78,0.66,0.64,0.62,0.69,0.63,0.55,0.41,0.48,0.47,0.47,0.63,0.66,0.66,0.64,0.6,0.65,0.48,0.87,0.68,0.75,0.7,0.76,0.58,0.61,0.75,0.87,0.86,0.69,0.74,0.63,0.812307692,0.716730769,0.651153846,0.648518519,0.62,0.71625,0.7983656,1.155241935
Pittsburgh,Pittsburgh, PA,0.94,0.78,0.83,0.53,0.495,0.46,0.46,0.41,0.48,0.44,0.43,0.51,0.63,0.48,0.58,0.49,0.48,0.46,0.46,0.6,0.67,0.62,0.56,0.59,0.65,0.74,0.72,0.74,0.69,0.67,0.65,0.63,0.61,0.6,0.64,0.66,0.62,0.59,0.67,0.51,0.62,0.53,0.52,0.68,0.67,null,0.58,0.65,0.56,0.6,0.52,0.68,0.6,0.48,0.56,0.79,0.61,0.66,0.62,0.56,0.6,0.77,0.53,0.5,0.52,0.52,0.73,0.62,0.57,0.5,0.46,0.47,0.46,0.57,0.63,0.61,0.56,0.59,0.79,0.77,0.72,0.73,0.7,0.7,0.71,0.69,0.78,0.71,0.75,0.73,0.72,0.79,0.53,0.81,0.67,0.66,0.64,0.77,0.73,0.6,0.7,0.82,0.68,0.73,0.76,0.63,0.568269231,0.623461538,0.587692308,0.712222222,0.714736842,0.70625,1.253318293,0.98812592
Portland,Portland, OR,1.31,1.29,0.93,1.07,1.15,1.23,0.48,0.59,0.41,0.44,0.44,0.39,0.44,1.23,1.36,0.51,0.6,0.44,0.41,0.25,0.41,0.49,0.47,0.44,0.25,0.29,0.5,0.47,0.45,0.46,0.47,0.45,0.44,0.42,0.43,0.4,0.36,0.32,0.3,0.32,0.33,0.28,0.31,0.32,0.38,null,0.37,0.41,0.34,0.5,0.49,0.39,0.4,0.45,0.46,0.41,0.39,0.45,0.46,0.47,0.5,0.46,0.53,0.39,0.44,0.49,0.55,0.47,0.44,0.45,0.45,0.45,0.28,0.45,0.43,0.51,0.56,0.32,0.35,0.51,0.51,0.55,0.43,0.48,0.5,0.51,0.5,0.49,0.52,0.44,0.46,0.48,1.29,0.53,0.35,0.4,0.42,0.52,0.41,0.41,0.43,0.47,0.49,0.52,0.49,0.52,0.666153846,0.396538462,0.446538462,0.504814815,0.520526316,0.4675,0.757805149,0.898129424
Quebec,Quebec, QC,0.84,0.84,0.8,0.66,0.635,0.61,0.56,0.48,0.49,0.52,0.44,0.49,0.44,0.41,0.39,0.4,0.44,0.41,0.46,0.38,0.4,0.65,0.68,0.64,0.66,0.64,0.6,0.65,0.58,0.525,0.47,0.4,0.41,0.36,0.39,0.39,0.45,0.43,0.5,0.43,0.43,0.44,0.43,0.55,0.99,null,0.66,0.5,0.56,0.65,0.65,0.48,0.48,0.46,0.51,0.49,0.46,0.42,0.48,0.5,0.47,0.43,0.47,0.49,0.4,0.37,0.42,0.41,0.44,0.44,0.5,0.53,0.46,0.48,0.62,0.71,0.65,0.62,0.72,0.62,0.58,0.55,0.52,0.49,0.5,0.57,0.51,0.5,0.49,0.5,0.52,0.51,0.59,0.58,0.54,0.57,0.8,1.32,0.69,0.49,0.48,0.5,0.67,0.64,0.53,0.61,0.5525,0.515576923,0.498076923,0.587777778,0.592631579,0.57625,1.063851181,0.972357904
Raleigh,Raleigh, NC,1.24,0.92,0.72,0.58,0.56,0.54,0.5,0.42,0.54,0.38,0.41,0.42,0.38,0.5,0.57,0.39,0.42,0.43,0.51,0.53,0.48,0.36,0.38,0.6,0.62,0.62,0.61,0.57,0.56,0.555,0.55,0.49,0.64,0.69,0.81,0.57,2.04,0.85,1,0.72,0.91,0.6,0.76,0.55,0.58,null,0.46,0.57,0.44,0.58,0.5,0.55,0.49,0.68,0.47,0.5,0.5,0.51,0.51,0.56,0.54,0.62,0.59,0.58,0.56,0.54,0.57,0.66,0.54,0.5,0.64,0.67,0.67,0.68,0.52,0.78,0.71,0.89,0.71,0.77,0.77,0.78,0.83,0.7,0.61,0.75,0.84,0.72,0.69,0.68,0.66,0.78,0.5,0.95,0.56,0.64,0.52,0.75,0.47,0.8,0.53,0.72,0.63,0.69,0.58,0.83,0.539230769,0.678653846,0.603846154,0.694444444,0.710526316,0.65625,1.287842764,0.923611111
Sacramento,Sacramento, CA,1.15,0.96,0.82,0.72,0.56,0.4,0.39,0.32,0.41,0.44,0.46,0.42,0.38,0.53,0.47,0.39,0.41,0.5,0.47,0.53,0.42,0.55,0.61,0.58,0.7,0.64,0.62,0.64,0.53,0.525,0.52,0.56,0.69,0.61,0.65,0.5,0.9,0.51,0.59,0.49,0.55,0.47,0.85,0.51,0.42,null,0.39,0.37,0.35,0.48,0.45,0.4,0.41,0.46,0.44,0.41,0.44,0.47,0.46,0.49,0.41,0.51,0.49,0.49,0.53,0.42,0.54,0.43,0.49,0.52,0.56,0.51,0.58,0.54,0.65,0.61,0.72,0.71,0.65,0.61,0.86,0.65,0.58,0.54,0.76,0.64,0.65,0.71,0.58,0.56,0.71,0.57,0.61,0.7,0.63,0.65,0.59,0.69,0.6,0.63,0.53,0.71,0.65,0.53,0.63,0.79,0.547307692,0.537884615,0.520384615,0.642962963,0.646842105,0.63375,1.174774212,0.979759967
Salt Lake City,Salt Lake City, UT,1.12,1.02,0.83,0.65,0.565,0.48,0.44,0.5,0.53,0.54,0.52,0.59,0.6,0.75,0.69,0.73,0.72,0.74,0.69,0.7,0.64,0.55,0.74,0.68,0.78,0.64,0.59,0.72,0.6,0.615,0.63,0.81,0.77,0.92,0.93,0.83,1.39,1.05,1.04,1.02,0.96,0.79,0.87,1.01,1.05,null,0.8,0.92,1.02,0.86,0.82,0.93,0.95,0.81,0.74,0.85,0.91,1,0.91,0.79,0.94,1.04,0.96,0.99,0.93,0.9,1.09,1.06,0.98,1.12,0.99,1.01,1.03,1.05,0.91,0.99,1,0.91,0.79,0.83,0.81,0.93,1.12,1.06,1.21,1.12,1.38,1.32,1.36,1.3,1.13,1.29,1.41,1.24,1.29,1.26,1.56,1.57,1.14,1.41,1.25,1.19,1.28,1.12,1.48,1.36,0.670576923,0.880576923,0.95,1.237777778,1.220526316,1.27875,1.845840105,1.047703752
San Antonio,San Antonio, TX,1.09,0.86,0.89,0.32,0.31,0.3,0.28,0.25,0.23,0.22,0.29,0.31,0.38,0.34,0.35,0.44,0.42,0.41,0.34,0.31,0.36,0.35,0.34,0.41,0.44,0.47,0.67,0.56,0.46,0.515,0.57,0.55,0.71,0.61,0.61,0.51,0.74,0.51,0.61,0.78,0.45,0.56,0.65,0.77,0.63,null,0.23,0.6,0.44,0.52,0.43,0.45,0.35,0.55,0.54,0.85,0.71,0.6,0.67,0.69,0.63,0.6,0.45,0.59,0.65,0.59,0.73,0.81,0.82,0.81,0.91,0.66,0.64,0.84,0.94,0.73,0.79,0.61,0.6,0.52,0.65,0.49,0.56,0.71,0.68,0.76,0.66,0.72,0.67,0.77,0.74,0.67,1.04,0.61,0.61,0.63,0.83,0.89,0.29,0.76,0.55,0.78,0.59,0.82,0.5,0.64,0.411923077,0.557115385,0.692692308,0.671851852,0.695263158,0.61625,1.631012899,0.886355034
San Diego,San Diego, CA,0.98,0.95,0.84,0.57,0.48,0.39,0.4,0.39,0.35,0.38,0.38,0.43,0.45,0.47,0.47,0.48,0.51,0.54,0.58,0.51,0.53,0.5,0.65,0.66,0.69,0.79,0.8,0.86,0.85,0.82,0.79,0.72,0.92,0.82,0.8,0.67,0.83,0.73,0.78,0.79,0.69,0.53,0.6,0.65,0.53,null,0.47,0.61,0.55,0.59,0.65,0.74,0.69,0.62,0.67,0.71,0.82,0.85,0.86,0.82,0.74,0.64,0.72,0.71,0.86,0.91,0.92,0.9,0.89,0.93,1.02,0.91,0.96,0.83,0.71,1.03,0.93,0.87,0.95,1.02,0.98,0.98,0.86,1.04,0.81,0.92,0.87,0.87,0.78,0.84,0.9,0.86,0.92,0.86,0.76,0.82,0.97,0.87,0.64,0.81,0.75,0.71,0.73,0.74,0.89,0.81,0.552692308,0.710769231,0.837692308,0.852222222,0.891052632,0.76,1.541946957,0.852923804
San Francisco,San Francisco, CA,0.94,0.81,0.71,0.42,0.38,0.34,0.33,0.33,0.31,0.33,0.32,0.35,0.34,0.34,0.39,0.37,0.38,0.4,0.33,0.42,0.32,0.33,0.31,0.37,0.4,0.42,0.48,0.45,0.38,0.41,0.44,0.52,0.44,0.42,0.44,0.43,0.39,0.36,0.39,0.35,0.5,0.35,0.36,0.31,0.51,null,0.48,0.33,0.3,0.37,0.32,0.35,0.33,0.35,0.35,0.37,0.37,0.37,0.36,0.38,0.35,0.39,0.41,0.37,0.39,0.4,0.45,0.43,0.44,0.44,0.46,0.48,0.54,0.49,0.51,0.48,0.46,0.48,0.47,0.46,0.45,0.38,0.42,0.42,0.43,0.43,0.44,0.45,0.45,0.48,0.45,0.45,0.38,0.58,0.44,0.42,0.39,0.64,0.46,0.33,0.33,0.37,0.36,0.33,0.38,0.37,0.411153846,0.400384615,0.422692308,0.425555556,0.450526316,0.36625,1.035027544,0.812938084
San Jose,San Jose, CA,0.84,0.98,0.64,0.61,0.575,0.54,0.55,0.47,0.51,0.47,0.45,0.46,0.42,0.39,0.55,0.46,0.43,0.53,0.49,0.65,0.47,0.55,0.5,0.52,0.59,0.68,0.74,0.83,0.78,0.76,0.74,0.73,0.75,0.66,0.55,0.56,0.64,0.46,0.49,0.45,0.55,0.44,0.34,0.34,0.37,null,0.64,0.46,0.36,0.53,0.52,0.5,0.38,0.39,0.48,0.42,0.44,0.39,0.42,0.48,0.69,0.68,0.63,0.68,0.61,0.59,0.5,0.69,0.69,0.68,0.79,0.73,0.99,0.73,0.79,0.79,0.69,0.8,0.89,1.03,0.7,0.91,0.71,0.73,0.85,0.75,0.71,0.64,0.65,0.65,0.79,0.76,0.93,1.01,0.85,0.67,0.64,0.64,0.68,0.59,0.56,0.59,0.56,0.56,0.5,0.64,0.550961538,0.560384615,0.640769231,0.714814815,0.769473684,0.585,1.297395126,0.760259918
Seattle,Seattle, WA,1.11,0.86,0.76,0.71,0.695,0.68,0.64,0.65,0.66,0.59,0.66,0.65,0.71,0.93,0.94,0.68,0.57,0.74,0.79,0.85,0.51,0.42,0.41,0.47,0.48,0.47,0.46,0.4,0.42,0.435,0.45,0.44,0.62,0.61,0.68,0.56,1.14,0.65,0.87,0.63,0.57,0.53,0.5,0.66,0.52,null,0.53,0.55,0.49,0.61,0.64,0.66,0.6,0.62,0.64,0.56,0.52,0.56,0.58,0.66,0.61,0.55,0.56,0.56,0.66,0.64,0.71,0.71,0.89,0.66,0.69,0.65,0.7,0.71,0.71,0.71,0.74,0.71,0.64,0.55,0.52,0.53,0.56,0.53,0.45,0.67,0.69,0.68,0.67,0.71,0.68,0.75,0.73,0.76,0.71,0.73,0.78,0.83,0.63,0.61,0.58,0.63,0.62,0.61,0.61,0.7,0.678269231,0.585576923,0.651923077,0.648888889,0.659473684,0.62375,0.956683363,0.945830008
St Louis,St. Louis, MO,0.69,0.64,0.48,0.28,0.39,0.5,0.49,0.54,0.56,0.56,0.5,0.47,0.46,0.43,0.47,0.53,0.39,0.49,0.49,0.48,0.65,0.5,0.49,0.23,0.5,0.37,0.63,0.57,0.54,0.555,0.57,0.47,0.56,0.43,0.31,0.53,0.47,0.3,0.51,0.3,0.64,0.54,0.53,0.34,0.76,null,0.56,0.5,0.5,0.31,0.89,1.34,0.38,0.26,0.34,0.36,0.24,1.47,0.57,0.67,0.52,1.58,0.65,1.22,0.86,0.61,0.63,0.6,0.62,0.49,1.45,0.76,0.54,0.63,0.64,0.65,0.28,0.58,0.39,0.7,0.71,0.58,0.69,0.82,0.85,0.68,0.48,0.76,0.72,0.64,0.37,0.68,0.36,1.48,0.49,0.51,0.32,0.63,0.49,0.82,1,0.66,0.55,1.2,0.97,0.6,0.483846154,0.539807692,0.677307692,0.694814815,0.656315789,0.78625,1.43602426,1.19797514
Tampa,Tampa, FL,0.92,0.93,0.75,0.69,0.655,0.62,0.67,0.57,0.73,0.65,0.64,0.65,0.7,0.63,0.76,0.69,0.78,0.76,0.68,0.56,0.72,0.74,0.65,0.72,0.81,0.78,0.72,0.75,0.71,0.715,0.72,0.82,0.69,0.73,0.88,0.68,1.22,0.76,0.91,0.88,0.86,0.81,0.7,0.74,0.84,null,0.61,0.65,0.75,0.91,1.13,0.93,0.64,0.77,0.59,0.65,0.75,0.6,0.74,0.76,0.65,0.84,0.75,0.81,0.83,0.84,0.81,0.97,0.86,0.93,0.96,1.02,0.78,0.89,0.94,0.78,0.78,0.75,0.78,0.96,0.98,0.84,0.8,0.74,0.94,0.8,0.75,0.89,0.8,0.88,0.89,0.96,0.85,0.85,0.79,0.81,0.69,0.89,0.69,0.91,0.82,0.98,0.88,0.84,0.78,0.8,0.709807692,0.798269231,0.801153846,0.844814815,0.847894737,0.8375,1.190202394,0.987740534
Toronto,Toronto, ON,0.79,0.8,0.71,0.51,0.495,0.48,0.46,0.45,0.47,0.47,0.45,0.45,0.46,0.45,0.44,0.48,0.42,0.38,0.42,0.42,0.45,0.51,0.49,0.49,0.5,0.49,0.47,0.52,0.49,0.475,0.46,0.44,0.46,0.46,0.47,0.46,0.5,0.49,0.51,0.45,0.47,0.47,0.47,0.5,0.63,null,0.61,0.48,0.45,0.46,0.48,0.45,0.46,0.46,0.45,0.42,0.41,0.42,0.53,0.54,0.45,0.45,0.44,0.41,0.42,0.42,0.43,0.4,0.41,0.39,0.4,0.45,0.41,0.45,0.48,0.51,0.54,0.51,0.51,0.49,0.52,0.51,0.51,0.48,0.52,0.53,0.53,0.56,0.53,0.56,0.55,0.56,0.54,0.53,0.55,0.5,0.56,0.73,0.52,0.41,0.39,0.41,0.48,0.51,0.51,0.58,0.4975,0.484038462,0.450384615,0.521111111,0.54,0.47625,1.04745952,0.881944444
Tucson,Tucson, AZ,1.01,0.82,0.82,0.69,0.64,0.59,0.58,0.51,0.65,0.66,0.54,0.57,0.53,0.56,0.7,0.64,0.61,0.6,0.52,0.67,0.6,0.54,0.52,0.55,0.6,0.69,0.73,0.72,0.75,0.71,0.67,0.71,0.7,0.51,0.65,0.63,0.57,0.52,0.75,0.58,0.73,0.62,0.68,0.52,0.63,null,0.58,0.79,0.48,0.59,0.57,0.49,0.5,0.59,0.56,0.59,0.62,0.6,0.57,0.66,0.63,0.75,0.71,0.61,0.69,0.65,0.64,0.71,0.62,0.68,0.67,0.69,0.75,0.72,0.65,0.68,0.65,0.7,0.76,0.74,0.76,0.83,0.76,0.75,0.82,0.99,0.57,0.69,0.71,0.7,0.74,0.87,0.64,0.8,0.62,0.64,0.75,0.76,0.68,0.98,0.57,0.78,0.72,0.59,0.57,0.67,0.631153846,0.63,0.659615385,0.72962963,0.744210526,0.695,1.156025007,0.93387553
Tulsa,Tulsa, OK,0.93,0.85,0.81,0.63,0.54,0.45,0.48,0.43,0.5,0.46,0.4,0.44,0.42,0.48,0.56,0.49,0.69,0.49,0.48,0.66,0.58,0.47,0.53,0.61,0.57,0.75,0.61,0.56,0.6,0.56,0.52,0.48,0.59,0.48,0.55,0.49,0.54,0.47,0.55,0.43,0.69,0.52,0.46,0.47,0.72,null,0.56,0.53,0.47,0.55,0.78,0.47,0.42,0.52,0.56,0.48,0.51,0.55,0.43,0.54,0.55,0.76,0.63,0.56,0.52,0.53,0.58,0.59,0.57,0.64,0.56,0.6,0.67,0.68,0.55,0.62,0.63,0.61,0.72,0.66,0.59,0.64,0.64,0.58,0.57,0.63,0.61,0.66,0.63,0.66,0.55,0.67,0.51,0.82,0.64,0.6,0.48,0.85,0.61,0.51,0.57,0.69,0.47,0.71,0.58,0.58,0.565384615,0.541153846,0.583076923,0.618888889,0.631052632,0.59,1.094633409,0.934945788
Vancouver,Vancouver, BC,0.86,0.87,0.79,0.69,0.66,0.63,0.62,0.61,0.62,0.63,0.62,0.62,0.64,0.66,0.66,0.65,0.68,0.68,0.69,0.64,0.65,0.65,0.58,0.61,0.64,0.67,0.7,0.67,0.63,0.645,0.66,0.65,0.66,0.65,0.68,0.68,0.7,0.65,0.69,0.64,0.64,0.66,0.64,0.79,0.77,null,0.78,0.64,0.64,0.64,0.65,0.66,0.64,0.62,0.64,0.63,0.67,0.66,0.68,0.67,0.65,0.63,0.63,0.62,0.62,0.63,0.62,0.65,0.65,0.63,0.66,0.72,0.66,0.68,0.72,0.72,0.69,0.75,0.79,0.76,0.72,0.66,0.68,0.68,0.67,0.67,0.71,0.69,0.7,0.71,0.8,0.66,0.72,0.68,0.77,0.67,0.76,0.85,0.77,0.65,0.66,0.64,0.63,0.69,0.69,0.67,0.666153846,0.671346154,0.665,0.702222222,0.713684211,0.675,1.054144213,0.94579646
Washington DC,Washington DC,DC,1.24,1.02,0.99,0.72,0.63,0.54,0.53,0.51,0.56,0.6,0.51,0.49,0.53,0.5,0.71,0.49,0.54,0.65,0.53,0.54,0.54,0.5,0.58,0.54,0.61,0.94,0.84,0.96,0.67,0.77,0.87,0.75,0.84,0.69,2.24,0.84,1.08,0.63,0.53,0.5,0.71,0.53,0.46,0.46,0.5,null,0.59,0.54,0.47,0.63,0.69,0.6,0.51,0.7,0.66,0.53,0.55,0.57,0.7,0.71,0.6,0.62,0.63,0.63,0.69,0.63,0.62,0.66,0.62,0.66,0.74,0.81,0.68,0.72,0.75,0.74,0.81,0.77,0.81,0.77,0.75,0.84,0.76,0.84,1.22,1.07,0.81,0.83,0.87,0.8,0.87,0.83,0.67,0.87,0.7,0.69,0.7,0.97,0.75,0.82,0.99,0.89,1.03,0.97,0.82,0.79,0.636153846,0.726923077,0.677307692,0.848888889,0.834736842,0.8825,1.334408169,1.05721942
Wichita,Wichita, KS,1.02,1.13,0.99,0.68,0.66,0.64,0.59,0.56,0.58,0.63,0.53,0.57,0.58,0.63,0.55,0.56,0.75,0.75,0.64,0.81,0.67,0.69,0.64,0.65,0.66,0.8,0.76,0.86,0.82,0.78,0.74,0.79,0.83,0.67,0.77,0.64,0.76,0.62,0.64,0.53,0.77,0.62,0.61,0.58,0.89,null,0.77,0.65,0.58,0.76,0.9,0.66,0.63,0.69,0.74,0.73,0.68,0.71,0.72,0.83,0.82,0.9,0.88,0.76,0.8,0.79,0.86,0.62,0.66,0.77,0.83,0.79,0.99,0.8,0.84,0.76,0.77,0.7,0.86,0.84,1.06,0.83,0.83,0.77,0.93,0.9,0.72,0.76,0.66,0.77,0.71,0.75,0.7,1.03,0.73,0.7,0.67,0.95,0.78,0.75,0.65,0.8,0.9,0.67,0.7,0.83,0.690769231,0.716538462,0.780769231,0.792222222,0.805789474,0.76,1.146869587,0.943174396
Winnipeg,Winnipeg, MB,0.9,0.78,0.84,0.76,0.755,0.75,0.67,0.64,0.62,0.7,0.62,0.61,0.52,0.55,0.5,0.54,0.55,0.55,0.54,0.51,0.53,0.56,0.44,0.5,0.48,0.54,0.53,0.54,0.5,0.525,0.55,0.55,0.52,0.48,0.48,0.49,0.48,0.43,0.48,0.46,0.49,0.45,0.51,0.54,0.95,null,0.71,0.55,0.47,0.48,0.52,0.46,0.48,0.53,0.49,0.46,0.44,0.48,0.48,0.51,0.52,0.51,0.54,0.49,0.54,0.51,0.5,0.44,0.48,0.47,0.57,0.51,0.49,0.49,0.52,0.47,0.49,0.49,0.5,0.49,0.51,0.47,0.51,0.52,0.57,0.52,0.47,0.49,0.48,0.51,0.5,0.5,0.48,0.5,0.45,0.45,0.48,0.71,0.61,0.47,0.45,0.44,0.47,0.47,0.5,0.5,0.613653846,0.524038462,0.496923077,0.500740741,0.505789474,0.48875,0.8159987,0.966311134
