city,recovery_hdbscan,recovery_zip_code,recovery_office_retail,recovery_city_defined
Albuquerque NM,0.662453049,0.907255071,0.62947423,0.930924954595025
Atlanta GA,0.852568124,0.847798765,0.5977573,0.899173248
Austin TX,0.726433542,0.775481836,0.744620969,0.769765152
Bakersfield CA,0.945859469,0.980774813,1.183083598,0.976546046
Baltimore MD,0.677724457,0.797767374,0.69900637,0.728005668
Boston MA,0.702302144,0.610299369,0.781461902,0.71309686
Calgary AB,0.851878221,0.849609754,0.761676001,0.866846137
Charlotte NC,0.745151012,0.847648601,0.633754472,0.847214277
Chicago IL,0.614576626,0.612941651,0.701135982,0.755461605
Cincinnati OH,0.644403997,0.75336364,0.674160228,0.679549261
Cleveland OH,0.781381482,0.827013579,0.662719502,0.851376524
Colorado Springs CO,0.873607568,0.874053603,0.8699984,0.87636071
Columbus OH,0.565491365,0.722441549,0.452794829,0.634169872
Dallas TX,0.702780863,0.762260817,0.822155033,0.719433966
Denver CO,0.66794486,0.708027139,0.683393082,0.875731063
Detroit MI,0.658492057,0.711286113,0.724539133,0.727187379
Edmonton AB,0.799277619,0.742759346,0.761949745,0.796851739
El Paso TX,0.965238639,1.142143702,0.76850743,0.869403926
Fort Worth TX,0.801332894,0.91381382,0.771218721,0.879478049
Fresno CA,0.718326524,0.776116103,0.670720169,1.040452441
Halifax NS,0.849515942,0.804715515,0.702902857,0.99670309
Honolulu HI,0.75818201,0.919192243,0.9647397,0.965044957
Houston TX,0.639464348,0.780319331,0.656492842,0.793765745
Indianapolis IN,0.79368052,0.831113593,0.720460159,0.869143857
Jacksonville FL,0.70245259,0.959214628,0.746731985,0.90008425
Kansas City MO,0.738697644,0.800580199,0.665938182,0.712358348
Las Vegas NV,1.02636461,1.12152602,0.910141813,1.032396168
London ON,0.790509862,0.825072701,0.779525691,0.886297275
Los Angeles CA,0.83190507,0.867965999,0.910935556,0.888843063
Louisville KY,0.542219287,0.757390467,0.602049871,0.71304727
Memphis TN,0.739803599,0.821322341,0.629771677,0.889302843
Miami FL,0.920359628,0.910486469,0.928545334,1.005493723
Milwaukee WI,0.857170402,0.98846817,0.905307199,0.955162656
Minneapolis MN,0.555528988,0.547229576,0.444687606,0.585085416
Mississauga ON,0.911440826,0.922684423,0.835948006,0.906777098
Montreal QC,0.669858491,0.860440604,0.801717767,0.811335185
Nashville TN,0.806812321,0.915306983,0.808130952,0.908196232
New Orleans LA,0.744811405,0.79355619,0.559795411,0.784020361
New York NY,0.658605539,0.666758251,0.76003437,0.675474821
Oakland CA,0.743834817,0.840545872,0.795924619,0.73942095
Oklahoma City OK,0.929554482,0.93069373,0.815284979,1.059258642
Omaha NE,0.880426022,0.796789214,0.576850061,0.890900315
Orlando FL,0.791095319,0.918897402,0.815668633,0.903893103
Ottawa ON,0.822822024,0.83629477,0.821161689,0.909750133
Philadelphia PA,0.672484329,0.688932126,0.637987897,0.74404674
Phoenix AZ,0.891630832,0.926850404,0.704185622,0.955397874
Pittsburgh PA,0.662843889,0.774942289,0.67390962,0.659005767
Portland OR,0.607872146,0.51076172,0.655381107,0.631705777
Quebec QC,0.870927314,0.834849304,0.749379558,0.927698273
Raleigh NC,0.632144242,0.720619118,0.618937997,0.805156381
Sacramento CA,0.657146144,0.719509836,0.820812766,0.674365877
Salt Lake City UT,0.819177751,0.966512792,0.88935258,0.913284491
San Antonio TX,0.758478141,0.823519981,0.687035594,0.817926732
San Diego CA,0.796466854,0.976713504,0.893547167,0.956027455
San Francisco CA,0.673164327,0.60378238,0.754418786,0.629169107
San Jose CA,0.96491832,0.987428956,1.075596962,1.004285628
Seattle WA,0.565072365,0.6693637,0.623177245,0.507190801
St. Louis MO,0.531589,0.588348265,0.545597389,0.612293349
Tampa FL,0.806812321,0.915306983,0.808130952,1.062216985
Toronto ON,0.697519534,0.749099858,0.732199918,0.783910743
Tucson AZ,0.911952892,0.934612134,0.803250237,0.92720584
Tulsa OK,0.821499105,0.834301182,0.685573391,0.832775474
Vancouver BC,0.852328258,0.790859744,0.899309392,0.797657372
Washington DC,0.685057037,0.705903136,0.71649651,0.690135132
Wichita KS,0.890966784,0.870307538,0.952408189,0.976670481
Winnipeg MB,0.852568124,0.847798765,0.5977573,0.90276385
