"city","total_pop_city","pct_singlefam_city","pct_multifam_city","pct_mobile_home_and_others_city","pct_renter_city","median_age_city","bachelor_plus_city","median_hhinc_city","median_rent_city","pct_vacant_city","pct_nhwhite_city","pct_nhblack_city","pct_hisp_city","pct_nhasian_city","pct_commute_auto_city","pct_commute_public_transit_city","pct_commute_walk_city","pct_commute_bicycle_city","pct_commute_others_city","housing_units_city","average_commute_time_city","population_density_city","housing_density_city","pct_others_city","pct_jobs_agriculture_forestry_fishing_hunting","pct_jobs_mining_quarrying_oil_gas","pct_jobs_utilities","pct_jobs_construction","pct_jobs_manufacturing","pct_jobs_wholesale_trade","pct_jobs_retail_trade","pct_jobs_transport_warehouse","pct_jobs_information","pct_jobs_finance_insurance","pct_jobs_real_estate","pct_jobs_professional_science_techical","pct_jobs_management_of_companies_enterprises","pct_jobs_administrative_support_waste","pct_jobs_educational_services","pct_jobs_healthcare_social_assistance","pct_jobs_arts_entertainment_recreation","pct_jobs_accomodation_food_services","pct_jobs_other","pct_jobs_public_administration","pct_nhwhite_downtown","pct_nhblack_downtown","pct_hisp_downtown","pct_nhasian_downtown","population_density_downtown","employment_density_downtown","pct_mobile_home_and_others_downtown","housing_density_downtown","pct_others_downtown","total_jobs","employment_entropy","total_pop_downtown","pct_singlefam_downtown","pct_multifam_downtown","pct_renter_downtown","median_age_downtown","bachelor_plus_downtown","median_hhinc_downtown","median_rent_downtown","pct_vacant_downtown","pct_commute_auto_downtown","pct_commute_public_transit_downtown","pct_commute_bicycle_downtown","pct_commute_walk_downtown","pct_commute_others_downtown","housing_units_downtown","average_commute_time_downtown","median_year_structure_built","median_no_rooms","%Liberal-Leaning","%Conservative-Leaning","%Other","days_school_closing","days_workplace_closing","days_cancel_large_events","days_cancel_all_events","days_stay_home_requirements","days_income_support","days_mask_mandates","winter_avg_temp","spring_avg_temp","summer_avg_temp","fall_avg_temp"
"Albuquerque",559374,67.73,28.31,3.95,40.28,36.6,19.45,52911,873,8.68,38.93,2.77,49.18,2.79,89.65,1.87,1.89,1.13,5.47,245476,22,1153.6,506.3,6.34,0.06,0.07,0.47,6.26,4.44,3.96,3.41,3.46,3.58,2.47,0.78,4.54,1.36,4.40,10.09,28.53,2.24,7.58,1.97,10.34,26.58,3.08,61.44,1.67,1139,5327,0.60,639,7.23,89732,2.47,19191,48.77,50.63,65.15,36,28.34,30366,714,15.14,82.74,4.19,2.20,5.26,5.61,10757,19.0,1963,3.60,"61.01","36.57","2.42",404,429,380,476,0,538,806,40.7,59.7,78.1,60.9
"Atlanta",488800,43.15,56.26,0.59,56.49,33.3,28.92,59948,1153,16.28,38.31,50.49,4.33,4.41,73.39,10.38,4.98,1.08,10.16,246322,27,1390.4,700.7,2.46,0.00,0.00,0.83,0.67,0.73,1.43,0.79,1.42,12.70,5.31,1.03,12.21,5.53,5.16,5.86,10.92,2.70,7.09,3.42,22.19,28.14,58.71,5.97,3.89,2452,54370,1.34,580,3.29,146950,2.45,6628,2.93,95.73,72.53,22,23.67,20909,1108,16.20,39.72,18.16,0.64,25.56,15.93,1568,19.8,1972,2.80,"76.95","21.87","1.18",455,100,278,371,316,421,716,50.2,66.0,82.7,68.0
"Austin",950807,51.13,47.39,1.48,54.87,33.3,32.32,71576,1280,8.34,48.28,7.43,33.91,7.53,82.85,3.49,2.41,1.29,9.97,415006,25,1147.4,500.8,2.85,0.01,0.38,1.39,2.26,1.42,1.30,3.77,0.40,5.42,2.61,2.04,12.87,0.72,3.67,21.85,5.54,2.12,9.19,3.19,19.84,75.88,3.39,12.85,6.10,2572,44857,0.25,1918,1.78,189211,2.41,10848,2.06,97.69,66.74,35,77.98,122182,2262,20.95,55.95,2.69,5.75,15.91,19.70,8090,20.8,2005,2.90,"63.35","34.56","2.09",482,340,353,408,62,728,679,57.4,73.1,88.8,73.9
"Bakersfield",377917,74.03,23.66,2.31,40.96,30.8,14.33,63139,1104,5.97,32.52,7.23,50.22,7.29,92.89,1.01,0.84,0.36,4.90,124478,23,974.3,320.9,2.74,3.35,4.02,0.38,5.57,3.01,2.60,4.85,2.77,1.58,1.48,1.49,5.07,1.83,9.74,4.07,23.53,1.51,6.96,3.33,12.85,36.50,13.17,43.65,2.22,1138,5146,8.85,491,4.45,55724,2.61,12325,42.99,48.16,68.22,30,19.65,33324,858,11.72,82.04,2.79,1.21,5.49,8.47,5322,17.4,1971,4.20,"43.69","53.89","2.42",504,455,478,491,156,768,836,54.0,63.4,83.9,69.5
"Baltimore",609032,66.01,33.84,0.15,52.50,35.4,16.76,50379,1073,18.75,27.49,61.77,5.28,2.57,69.02,17.49,6.44,0.94,6.12,294296,31,2905.0,1403.7,2.88,0.00,0.00,1.42,1.55,1.19,0.87,2.05,0.39,2.64,6.60,1.84,10.94,1.83,7.59,9.66,18.90,3.37,8.15,2.77,18.25,30.97,55.16,4.84,5.49,5239,18630,0.06,2943,3.54,138826,2.45,39040,26.28,73.67,82.55,32,44.39,43357,1104,14.42,47.96,24.33,1.85,20.54,5.33,21933,30.2,1953,3.55,"66.37","31.12","2.51",505,188,322,429,63,752,806,40.3,57.4,77.7,61.5
"Boston",684379,18.18,81.65,0.17,64.97,32.2,27.03,71115,1620,8.46,44.50,22.66,19.84,9.59,44.20,33.29,15.11,2.27,5.13,294418,31,5466.4,2351.6,3.42,0.00,0.00,0.05,1.83,0.67,1.66,2.01,0.80,4.89,19.97,2.90,25.15,1.94,9.42,1.85,4.18,1.60,8.08,2.91,10.11,82.81,3.24,2.83,9.27,7084,248208,0.38,4610,1.85,227878,2.32,6504,2.36,97.26,55.49,41,76.32,155949,2969,22.80,22.45,19.02,1.36,47.08,10.08,4232,22.8,1975,3.42,"82.61","15.46","1.92",424,426,214,442,0,721,744,35.1,51.6,74.2,58.5
"Calgary",1239220,72.23,27.34,0.43,28.55,37.6,33.24,75275,1012,4.68,66.89,4.21,2.15,19.72,76.19,15.80,4.95,1.61,1.45,466725,30,1459.5,549.7,7.03,0.06,21.36,2.83,2.29,2.00,2.13,4.24,2.85,2.37,7.96,2.54,18.03,1.66,3.11,2.42,4.32,2.30,7.07,2.37,8.04,68.51,4.43,2.43,20.02,4012,11819,0.00,2383,4.61,149250,2.58,50664,6.08,93.84,66.93,39,51.76,58238,975,15.64,41.93,18.43,3.75,33.98,1.92,30095,25.7,1982,3.59,"40.13","56.32","3.55",192,602,277,642,0,667,786,22.2,43.4,64.3,46.3
"Charlotte",857425,63.44,35.42,1.13,47.09,34.2,28.90,62817,1135,8.07,41.48,34.62,14.28,6.49,85.65,3.30,2.07,0.14,8.84,359379,26,1077.5,451.6,3.14,0.00,0.00,0.04,2.30,0.78,1.05,1.45,0.62,2.83,19.97,2.65,15.30,12.71,13.35,1.66,2.17,3.39,6.30,1.72,11.72,59.61,24.52,6.68,3.90,2854,26778,0.43,1911,5.28,126648,2.37,13498,11.03,88.54,68.64,31,73.56,92786,1511,19.70,54.40,3.19,0.65,30.62,11.14,9039,19.4,2003,3.30,"66.68","31.60","1.72",422,374,69,422,155,688,657,48.3,64.2,81.7,65.9
"Chicago",2709534,29.43,70.35,0.22,55.01,34.6,23.25,58247,1112,12.16,33.28,29.19,28.79,6.54,56.50,28.22,6.53,1.71,7.04,1214450,35,4601.2,2062.3,2.20,0.00,0.06,0.37,0.64,0.74,1.88,1.77,2.88,4.90,15.46,2.03,22.47,2.13,9.49,11.78,5.45,1.46,5.24,3.30,7.95,65.35,3.83,7.24,20.33,9124,262660,0.12,6628,3.25,615800,2.44,21390,2.54,97.34,63.41,34,89.00,115284,2293,17.68,20.66,19.22,1.42,43.68,15.03,15539,23.4,1999,3.05,"74.35","24.05","1.60",423,69,178,450,144,869,816,31.9,50.1,73.1,57.9
"Cincinnati",301394,43.34,56.54,0.12,62.25,32.2,21.43,40640,738,14.99,48.21,41.96,3.82,2.18,81.05,7.11,5.68,0.36,5.79,161555,23,1495.1,801.4,3.83,0.04,0.02,0.41,1.61,4.94,2.76,2.13,2.34,4.82,10.71,1.94,14.55,12.92,7.13,1.85,6.05,6.08,9.76,2.41,7.51,62.69,28.11,2.51,3.48,2008,15387,0.00,1517,3.21,107996,2.63,14097,15.45,84.55,73.19,33,63.74,66185,1102,24.96,61.21,4.73,0.74,25.74,7.59,10651,18.8,1980,3.60,"51.78","46.63","1.59",443,190,158,447,142,644,720,38.1,58.4,77.1,59.6
"Cleveland",385282,52.83,46.43,0.74,58.43,36.3,10.92,30907,719,19.61,33.80,48.18,11.93,2.54,80.10,9.77,5.07,0.61,4.44,212161,24,1914.7,1054.3,3.56,0.00,0.02,1.64,2.42,2.59,3.02,1.15,2.21,3.42,10.36,1.61,18.25,6.55,6.62,6.71,6.07,5.80,7.78,2.50,11.29,37.51,28.29,5.99,24.00,920,14107,0.50,641,4.21,105764,2.63,6896,10.53,88.97,93.38,34,37.42,36182,923,20.14,53.32,9.64,0.32,31.41,5.31,4806,19.6,1968,3.10,"66.52","32.40","1.09",443,190,158,447,142,644,720,33.1,50.4,71.9,57.4
"Colorado Springs",464871,69.69,28.35,1.97,40.95,34.7,24.34,64712,1131,5.22,68.64,6.08,17.63,2.84,88.77,0.95,1.89,0.63,7.76,191476,23,920.5,379.1,4.81,0.00,0.01,5.55,5.53,1.87,1.78,4.41,1.08,1.53,2.35,1.54,8.93,0.33,3.80,11.11,21.55,1.40,10.00,4.16,13.07,72.94,6.17,13.90,1.86,1297,3382,0.29,614,5.12,42378,2.49,16248,57.11,42.60,60.13,34,41.31,44689,835,7.70,75.89,1.23,3.18,10.10,9.60,7687,20.5,1980,4.40,"42.75","53.54","3.72",589,308,303,476,62,635,797,32.5,46.6,67.0,51.8
"Columbus",878553,55.81,43.46,0.73,55.25,32.2,23.82,53745,961,9.05,55.13,28.63,6.17,5.79,87.71,3.09,3.08,0.60,5.53,392673,22,1547.5,691.7,4.27,0.00,0.00,1.43,3.66,1.85,1.59,1.75,1.60,3.72,10.74,2.46,10.72,4.78,5.39,5.84,17.92,1.91,7.13,3.69,13.83,76.03,11.92,3.54,4.73,1155,11086,0.19,811,3.77,146784,2.59,15291,9.99,89.82,81.92,31,73.71,66000,1215,9.93,75.72,3.92,1.64,13.79,4.92,10732,19.4,1981,3.20,"61.70","36.69","1.61",443,190,158,447,142,644,720,35.7,56.8,75.4,58.5
"Dallas",1330612,46.29,52.55,1.16,59.14,32.7,21.02,52580,1052,10.57,28.97,23.95,41.81,3.36,87.74,3.76,2.09,0.19,6.22,574097,27,1512.2,652.4,1.91,0.04,0.63,1.28,2.91,1.11,2.80,2.43,2.15,4.09,8.28,3.29,16.18,1.03,4.83,19.20,11.84,2.33,6.43,2.06,7.10,62.92,15.61,14.10,4.86,3542,48203,0.16,2455,2.51,269273,2.56,19788,3.71,96.13,87.23,31,75.40,95078,1725,13.74,70.74,3.70,0.38,14.22,10.96,13716,22.4,2001,2.94,"58.67","39.57","1.76",482,340,353,408,62,728,679,54.2,69.8,90.3,72.9
"Denver",705576,52.51,47.13,0.36,50.12,34.5,30.17,68592,1311,6.28,54.17,8.89,29.90,3.65,76.80,6.54,4.68,2.23,9.75,321717,26,1777.2,810.3,3.39,0.17,4.90,0.79,2.10,0.87,2.62,2.27,1.68,4.28,7.60,3.24,19.77,4.07,6.88,3.44,2.00,2.83,11.84,2.48,16.18,79.43,2.93,8.63,6.02,5242,57503,0.00,4056,2.99,167681,2.58,15287,3.69,96.31,71.72,34,75.74,90384,1757,17.40,45.81,10.69,2.09,26.49,14.92,11827,25.4,2002,2.80,"64.76","32.62","2.62",589,308,303,476,62,635,797,35.5,50.8,74.5,57.8
"Detroit",674841,72.85,26.81,0.34,52.77,34.7,9.06,30894,824,27.35,10.52,77.98,7.68,1.66,82.86,6.84,3.77,0.66,5.86,362947,26,1878.4,1010.2,2.15,0.00,0.00,4.54,1.53,2.68,1.94,1.53,2.14,2.71,17.48,0.80,11.14,8.19,5.87,1.77,4.21,3.93,12.31,2.22,15.04,46.03,36.42,5.16,9.69,2254,29930,0.00,1613,2.70,94938,2.54,7150,2.93,97.07,87.47,32,53.62,64509,1380,16.71,57.98,5.45,1.30,28.30,6.97,5117,19.6,1958,3.10,"68.45","30.32","1.23",477,362,167,466,58,539,642,31.3,51.1,74.3,57.4
"Edmonton",932546,66.13,33.14,0.73,35.70,37.7,27.32,67457,953,6.99,66.21,5.94,1.86,18.56,78.77,14.58,4.08,1.20,1.37,360825,29,1331.2,515.1,7.43,0.08,0.37,2.68,2.25,1.20,0.98,5.04,1.72,2.51,8.46,2.08,12.17,0.10,2.78,7.12,16.74,1.76,6.84,3.73,21.24,68.87,9.54,1.71,14.90,2848,4430,0.00,1573,4.98,110455,2.47,71004,13.21,86.88,68.16,41,35.86,47983,858,13.10,57.34,21.57,2.80,17.07,1.22,39225,27.1,1985,3.95,"48.88","45.45","5.67",192,602,277,642,0,667,786,17.0,41.0,64.2,44.3
"El Paso",679813,70.00,27.25,2.75,41.15,32.9,16.73,47568,837,9.42,12.77,3.21,81.36,1.31,91.69,1.63,1.39,0.16,5.13,250383,23,1019.6,375.5,1.36,0.05,0.00,2.51,4.67,3.41,6.28,5.91,2.02,2.74,5.82,1.65,7.65,0.95,17.78,3.18,15.57,2.34,8.80,3.44,5.23,2.73,3.09,93.20,0.38,1684,4221,0.24,820,0.60,24045,2.63,9590,20.03,79.73,90.00,44,4.08,13574,432,21.47,58.61,15.47,0.38,17.29,8.26,4672,31.0,1949,3.50,"66.66","31.56","1.78",482,340,353,408,62,728,679,52.3,69.9,86.3,70.5
"Fort Worth",874401,69.86,28.49,1.65,42.60,32.6,19.98,62187,1060,9.13,39.17,18.52,35.10,4.50,92.94,0.78,1.22,0.17,4.89,327379,27,976.9,365.8,2.70,0.11,2.40,0.34,2.23,3.39,3.17,2.67,2.80,1.36,6.95,1.37,6.87,1.78,5.64,17.07,19.56,2.20,7.46,2.47,10.15,51.77,20.06,23.41,2.45,831,10528,0.00,384,2.32,117654,2.57,9282,18.61,81.39,67.94,36,42.13,72560,1366,14.37,80.71,2.91,0.66,10.65,5.08,4287,23.5,1994,3.70,"49.31","49.09","1.60",482,340,353,408,62,728,679,37.2,52.9,69.1,52.5
"Fresno",525010,63.94,34.01,2.05,53.28,31,14.55,50432,1005,5.71,26.93,7.04,49.61,13.44,90.21,1.72,1.49,0.58,6.00,178831,22,1766.9,601.8,2.98,0.47,0.00,2.06,3.18,7.74,5.24,2.37,2.85,2.01,1.37,0.81,3.50,1.04,3.39,7.31,26.39,1.88,3.83,4.01,20.55,21.40,8.99,62.24,3.29,1441,8543,0.66,429,4.08,45361,2.41,7650,15.75,83.59,87.16,33,13.05,28529,800,10.84,86.09,1.44,0.00,5.97,6.50,2279,,1975,2.80,"52.91","45.08","2.01",504,455,478,491,156,768,836,54.2,65.5,85.6,71.3
"Halifax",403131,60.73,36.97,2.30,39.86,40.8,29.15,53790,744,7.48,90.80,3.80,0.30,4.05,77.71,11.80,8.18,1.01,1.30,173325,28,67.7,29.1,1.05,0.05,0.21,1.04,0.92,2.76,0.44,4.00,1.29,3.21,6.53,1.50,9.65,0.06,3.46,7.36,20.97,2.22,8.95,2.91,22.34,78.12,5.20,0.49,14.56,4245,8480,0.00,2274,1.63,55705,2.37,27888,14.49,85.58,82.26,37,51.08,37395,829,17.13,31.36,15.79,2.78,48.74,1.33,14940,23.6,1974,4.12,"87.86","8.61","3.54",375,175,214,736,40,667,700,31.7,41.9,64.6,53.8
"Honolulu",348985,34.89,64.92,0.19,55.25,41.5,23.66,71465,1491,15.20,15.38,1.95,7.34,52.25,70.27,11.65,8.50,1.61,7.96,152139,24,2225.6,970.2,23.07,0.10,0.00,2.66,5.57,1.56,2.67,6.28,4.70,4.55,6.40,2.78,9.69,5.73,10.51,1.74,17.66,1.06,4.60,5.13,6.61,15.26,1.54,7.57,42.51,2857,10673,0.22,1377,33.11,95048,2.68,25446,25.86,73.92,56.11,42,41.57,74170,1480,13.33,70.79,8.76,0.58,12.15,7.73,12263,21.8,1980,3.30,"62.51","35.66","1.83",452,475,468,699,397,564,732,74.1,75.5,79.5,78.9
"Houston",2310432,49.13,49.95,0.91,57.70,33,20.02,52338,1041,11.39,24.41,22.09,44.96,6.72,88.04,3.74,1.96,0.41,5.84,968704,28,1393.4,584.2,1.81,0.06,5.01,4.16,4.11,3.24,2.13,1.37,4.50,1.35,6.16,1.05,15.09,5.52,7.19,2.93,4.09,2.82,5.86,2.39,20.94,37.28,36.61,19.98,3.47,2983,35428,0.00,1184,2.66,195977,2.64,16503,3.24,96.76,83.80,35,35.89,81003,1573,19.41,57.50,7.68,0.82,21.37,12.62,6549,18.5,1985,2.82,"55.73","42.95","1.31",482,340,353,408,62,728,679,60.9,74.9,88.9,75.5
"Indianapolis",864447,68.30,30.55,1.14,46.87,34.2,20.03,47873,892,12.41,54.48,28.25,10.46,3.40,91.24,1.82,1.93,0.48,4.54,386108,24,923.1,412.3,3.42,0.00,0.00,0.07,0.93,9.06,0.77,1.39,0.93,3.16,8.26,1.15,11.59,1.75,4.99,10.66,17.14,2.43,6.69,4.86,14.17,64.43,24.11,4.01,5.25,2871,52710,0.00,1551,2.19,153415,2.48,8356,5.85,94.15,81.10,32,51.87,58636,1309,9.28,59.41,4.41,5.65,25.26,5.27,4515,19.7,1977,3.00,"57.60","40.40","2.00",603,95,129,480,18,651,723,35.7,57.5,76.0,58.3
"Jacksonville",890467,65.28,29.78,4.94,43.95,35.9,19.13,54701,1065,11.69,51.19,30.48,9.95,4.70,89.49,1.87,1.73,0.47,6.44,383856,25,460.0,198.3,3.68,0.00,0.10,1.05,2.20,1.85,0.97,1.32,1.62,2.87,8.76,0.78,10.29,1.27,5.33,20.59,28.07,2.98,5.21,1.96,2.77,35.46,53.78,5.14,3.17,1269,17066,1.20,471,2.45,87749,2.30,6523,8.42,90.38,88.97,38,19.89,33967,612,18.00,65.71,8.07,0.00,14.68,11.54,2422,,1967,3.10,"47.26","51.49","1.24",284,224,193,337,368,421,739,62.9,74.0,86.0,75.9
"Kansas City",486404,66.95,32.16,0.89,46.73,35.1,22.24,54194,941,12.55,55.16,27.94,10.64,2.69,89.31,2.61,1.99,0.15,5.94,232537,22,596.4,285.1,3.56,0.06,0.07,1.51,6.29,12.27,8.69,1.93,9.80,3.21,7.29,2.37,13.16,4.79,7.93,1.41,3.03,3.01,5.32,2.16,5.68,51.51,32.36,7.93,5.87,2490,15330,0.27,1508,2.33,91116,2.70,14801,7.77,91.97,85.56,29,49.01,42287,952,10.97,76.78,5.39,0.51,10.51,6.81,8963,19.5,1953,3.27,"55.41","42.57","2.02",308,70,345,395,239,421,656,38.5,59.8,80.3,62.5
"Las Vegas",634773,66.21,32.50,1.29,47.29,37.8,15.97,56354,1102,10.62,43.50,11.64,33.06,6.69,87.84,3.50,1.48,0.24,6.95,259464,26,1728.8,706.6,5.10,0.02,0.00,0.01,1.54,1.08,1.94,12.30,1.00,2.02,1.30,1.06,5.47,0.90,2.56,0.26,3.39,4.02,22.76,3.32,35.07,19.20,15.58,58.03,3.12,3074,4010,1.87,1331,4.08,55558,2.05,42592,26.56,71.57,82.00,34,8.22,25310,737,17.91,75.38,10.05,0.82,3.65,10.10,18441,28.2,1976,3.40,"53.66","44.31","2.03",417,281,190,434,38,537,709,46.4,66.2,88.5,70.3
"London",383822,66.06,33.85,0.09,39.89,40.5,25.35,47957,677,7.07,84.60,3.00,2.39,8.04,82.68,9.21,5.95,1.23,0.92,163140,26,902.8,383.7,1.97,0.09,0.02,0.73,1.41,2.16,1.19,4.64,1.03,3.73,20.56,2.06,14.78,0.11,5.01,3.39,12.04,3.31,8.62,4.85,9.80,89.09,2.79,1.62,5.32,2646,3245,0.03,1520,1.17,42275,2.47,34468,27.73,72.20,69.80,41,32.23,36146,657,16.33,60.50,14.91,2.41,21.21,0.98,19800,24.7,1981,4.74,"60.42","35.63","3.94",529,496,365,718,127,802,772,28.5,48.7,69.0,53.6
"Los Angeles",3966936,43.66,55.64,0.70,63.18,35.6,22.62,62142,1450,7.32,28.48,8.61,48.46,11.46,78.47,8.99,3.43,0.96,8.15,1493108,32,3266.1,1229.3,2.98,0.05,0.01,4.30,1.44,2.14,5.31,3.16,1.55,2.10,5.68,1.43,10.26,1.54,5.00,6.84,6.78,4.38,6.59,2.47,28.97,20.70,16.00,41.80,17.26,10510,77725,0.37,5998,4.24,363082,2.50,49096,2.28,97.35,95.10,36,36.03,33164,1127,12.26,43.58,27.59,1.16,16.87,10.80,28017,32.4,1958,1.42,"71.04","26.87","2.09",504,455,478,491,156,768,836,63.3,66.6,78.2,74.2
"Louisville",617790,68.34,30.14,1.52,39.86,37.6,17.94,53436,846,10.36,65.58,23.32,5.62,2.66,88.48,3.09,2.01,0.36,6.07,277101,23,905.5,406.1,2.82,0.00,0.12,0.76,1.74,6.44,2.53,1.94,1.74,3.05,18.78,0.95,10.14,1.81,5.94,2.19,21.34,1.69,7.44,1.76,9.65,40.73,49.78,2.84,3.54,1787,21879,0.00,897,3.11,88093,2.44,7194,5.48,94.52,92.67,37,18.85,19628,339,25.17,50.39,17.54,0.54,24.26,7.26,3612,,1961,3.00,"59.06","38.96","1.97",381,121,109,418,57,436,740,40.0,60.0,79.0,60.3
"Memphis",651932,64.76,34.18,1.06,53.38,34,15.70,41228,901,16.06,25.69,63.83,7.19,1.71,92.52,1.46,1.63,0.18,4.20,299913,22,793.2,364.9,1.59,0.02,0.00,0.64,1.08,2.59,1.37,4.45,2.00,1.41,3.98,1.24,3.37,1.22,2.86,7.41,31.29,2.19,6.44,4.04,22.40,54.49,33.00,4.22,6.01,2147,10550,0.16,1264,2.27,72154,2.25,14684,20.17,79.67,69.18,33,66.03,72850,1266,11.69,83.79,1.50,0.91,6.76,7.03,8646,19.7,1997,3.90,"64.42","33.98","1.61",397,310,303,400,54,569,654,48.0,65.5,83.5,67.6
"Miami",454279,33.77,65.82,0.41,70.35,40.1,17.91,39049,1183,15.03,11.25,14.40,72.72,0.97,77.67,9.27,3.95,0.92,8.20,208046,29,4872.6,2231.5,0.66,0.02,0.03,0.00,0.63,0.39,2.61,3.89,9.95,1.50,14.07,2.90,18.43,1.29,9.60,1.14,15.96,1.04,12.27,3.03,1.24,37.47,2.06,55.28,3.44,17550,75076,0.00,15499,1.75,79043,2.35,18477,1.14,98.86,67.02,35,76.37,101248,2279,36.58,60.30,6.75,0.02,14.72,18.21,16318,23.1,2003,3.50,"53.41","46.06","0.53",284,224,193,337,368,421,739,73.1,78.3,85.5,81.8
"Milwaukee",594548,45.18,54.34,0.48,58.60,31.5,15.94,41838,858,10.97,35.07,38.32,18.98,4.24,82.95,7.32,4.63,0.79,4.32,258444,22,2386.6,1037.4,3.40,0.00,0.00,0.96,0.73,4.01,1.07,2.90,0.80,2.44,14.72,2.08,12.36,4.91,7.86,4.60,9.24,3.75,10.75,2.37,14.43,79.68,7.05,5.08,5.51,4559,18759,0.34,3268,2.68,102552,2.55,24921,7.34,92.32,78.96,31,67.29,55606,985,12.15,68.41,7.87,1.66,16.50,5.56,17866,20.4,1963,3.30,"69.13","29.27","1.60",454,70,70,442,55,552,679,28.1,49.1,70.8,55.2
"Minneapolis",420324,45.29,54.43,0.28,52.76,32.3,30.38,62583,1027,5.87,60.00,18.90,9.62,5.90,67.92,13.15,7.41,4.05,7.47,188017,23,3005.4,1344.3,5.58,0.00,0.00,1.23,2.05,0.22,1.43,1.30,1.15,5.57,16.99,1.14,22.41,8.34,5.89,1.85,8.64,4.09,7.98,1.74,7.96,58.53,26.95,2.92,4.57,3404,87135,0.00,1766,7.02,136661,2.43,5339,2.71,97.29,72.97,33,58.16,99095,1618,13.86,44.38,13.32,2.95,29.52,9.83,2770,17.9,2005,2.70,"65.51","32.15","2.35",525,130,235,441,52,685,692,21.2,51.4,74.4,54.2
"Mississauga",721599,62.97,36.89,0.14,27.72,39.6,33.52,64203,977,3.04,49.01,6.57,2.25,33.92,78.01,18.07,2.64,0.34,0.93,240915,34,2463.4,822.4,8.24,0.10,0.03,0.58,1.72,3.96,2.66,15.93,3.23,2.26,13.98,4.31,11.40,0.20,6.30,4.95,6.32,1.56,7.57,3.45,9.23,42.11,6.66,3.45,37.51,6179,2501,0.00,2395,10.27,34345,2.59,84858,23.07,77.06,40.37,39,38.00,52017,1090,5.70,72.79,22.41,0.14,3.79,0.86,32895,34.5,1995,4.59,"61.23","36.48","2.28",529,496,365,718,127,802,772,31.1,47.9,70.6,55.9
"Montreal",1704694,14.30,85.65,0.05,63.27,40.3,31.31,38844,595,7.59,74.08,10.30,4.06,9.13,50.09,36.55,8.59,3.89,0.89,779805,34,4656.2,2130.0,2.43,0.08,0.14,1.80,1.00,2.28,1.41,5.20,3.62,6.95,15.61,1.95,18.02,0.20,5.28,7.23,6.37,3.08,8.25,3.06,8.40,72.01,5.49,3.22,17.82,5077,15125,0.01,2872,1.46,326970,2.58,109750,5.46,94.50,71.03,40,52.17,37997,772,17.60,29.29,33.92,4.47,30.95,1.37,62080,28.5,1983,3.61,"71.53","11.88","16.60",394,487,471,718,219,779,808,21.7,46.0,70.2,52.8
"Nashville",663750,59.10,39.35,1.55,46.07,34.2,25.79,59828,1100,9.67,55.42,27.41,10.50,3.65,87.77,2.11,2.41,0.19,7.52,301844,25,538.9,245.1,3.02,0.00,0.00,0.07,2.31,2.37,3.05,1.95,1.19,5.02,4.84,1.20,11.65,4.67,8.67,0.58,3.28,4.67,18.20,3.11,23.14,72.77,18.75,6.13,0.00,2066,53952,0.00,1876,2.34,72398,2.41,2773,5.56,94.44,56.38,37,56.88,80729,1593,46.17,64.49,1.91,0.00,27.26,6.35,2517,,1985,2.96,"64.49","32.36","3.14",397,310,303,400,54,569,654,45.2,63.0,80.8,64.5
"New Orleans",390845,54.06,45.40,0.54,51.74,36.8,21.25,41604,998,19.81,30.67,58.86,5.48,2.89,77.05,6.77,5.43,3.06,7.69,191808,24,890.7,437.1,2.10,0.08,1.59,0.22,1.29,1.29,1.55,4.19,1.87,4.13,4.04,1.63,9.88,2.36,7.85,5.06,12.94,4.97,27.42,2.72,4.91,55.92,30.66,8.87,2.06,2251,12618,0.22,1746,2.48,97506,2.48,17393,15.67,84.11,69.03,37,57.84,53216,1193,33.12,56.51,7.82,5.93,18.94,10.80,13489,16.4,1980,3.45,"62.53","35.69","1.78",558,578,409,689,58,528,718,61.5,74.6,86.5,75.2
"New York",8419316,16.08,83.74,0.18,67.33,36.7,22.17,63998,1443,9.36,32.10,21.83,29.07,13.98,26.71,56.01,9.98,1.26,6.04,3494228,42,10822.0,4491.4,3.03,0.01,0.00,0.02,1.75,0.91,4.81,4.25,1.15,8.72,19.30,3.17,18.09,3.27,11.11,1.58,6.19,2.09,7.29,3.35,2.93,58.42,4.35,13.75,20.52,14064,239818,0.05,10191,2.95,1164072,2.48,68267,1.73,98.22,79.68,36,78.79,127566,2649,20.11,4.20,48.75,1.81,35.54,9.69,49466,27.3,1979,2.69,"76.39","22.76","0.85",529,358,308,458,78,549,710,37.9,54.1,77.5,61.0
"Oakland",425097,47.42,52.19,0.39,59.26,36.5,25.23,73692,1445,6.28,28.28,23.23,27.04,15.34,61.22,23.51,3.68,2.66,8.94,173300,33,2936.5,1197.1,6.11,0.00,0.00,3.92,2.70,1.48,2.31,2.22,6.95,3.41,7.77,1.60,12.15,4.42,4.36,6.42,8.59,0.64,4.90,4.84,21.32,32.90,25.49,10.25,24.26,7129,39158,0.17,4226,7.10,86702,2.60,15785,5.01,94.82,91.42,37,53.94,55291,1220,6.48,33.31,41.47,2.84,13.61,8.78,9356,33.6,1964,2.60,"80.23","17.71","2.06",504,455,478,491,156,768,836,54.9,58.9,67.2,65.4
"Oklahoma City",643692,71.06,25.81,3.13,41.09,34.1,19.70,55557,871,11.14,53.51,14.06,19.71,4.48,93.14,0.55,1.52,0.14,4.66,273177,21,409.8,173.9,8.25,0.03,5.89,2.02,3.33,1.58,2.38,2.10,1.01,2.51,3.43,1.64,11.28,8.27,12.47,0.66,12.28,3.21,10.81,1.78,13.32,47.75,22.22,11.49,3.68,2144,23521,0.74,657,14.86,48286,2.61,4402,9.41,89.84,92.20,32,25.38,53178,1116,15.42,66.61,1.77,0.00,28.71,2.90,1349,,1972,3.00,"46.21","51.08","2.71",476,55,237,108,38,603,685,47.1,64.3,86.0,68.3
"Omaha",475862,69.03,30.06,0.91,41.37,34.5,24.34,60092,923,7.28,66.60,12.17,13.90,3.80,90.81,1.42,2.30,0.26,5.21,201551,19,1303.2,552.0,3.53,0.01,0.00,2.49,3.63,5.71,1.28,1.82,2.21,3.53,15.69,1.11,8.98,6.00,2.02,10.14,4.52,4.01,10.70,2.35,13.81,62.39,16.62,10.28,5.77,1843,8995,0.32,1091,4.93,41762,2.61,8557,3.61,96.07,86.41,31,49.54,57188,1020,12.81,74.89,2.83,0.00,17.90,4.38,5065,16.2,1980,2.90,"51.39","45.91","2.69",220,105,244,152,13,709,724,69.2,64.1,55.7,59.4
"Orlando",280832,41.59,58.08,0.33,64.56,33.8,25.41,51757,1196,15.75,36.51,23.50,32.64,4.08,86.98,3.46,1.77,0.61,7.18,133095,26,980.7,464.8,3.27,0.00,0.01,1.21,2.02,0.81,0.99,1.56,1.85,1.82,3.52,2.04,13.56,4.67,5.56,21.57,16.01,1.94,3.54,2.06,15.26,59.18,7.12,24.33,6.53,2069,20121,0.73,1551,2.84,119066,2.39,12243,15.98,83.29,76.09,35,58.58,57266,1331,18.03,81.64,1.71,0.50,5.45,10.69,9179,23.0,2000,3.40,"53.92","44.96","1.12",284,224,193,337,368,421,739,67.3,76.1,86.0,78.1
"Ottawa",934243,69.07,30.71,0.21,34.32,40.1,37.65,66495,860,5.61,79.13,6.57,1.22,10.63,68.40,20.62,7.38,2.61,1.00,373755,30,323.0,129.2,2.45,0.04,0.02,0.22,1.15,1.14,0.49,3.67,0.79,3.27,3.55,1.64,8.63,0.07,3.66,5.33,4.06,2.23,6.19,3.66,50.19,78.61,7.54,1.46,10.39,3080,6732,0.01,1731,2.00,167235,1.95,76517,17.62,82.47,74.33,40,51.36,46742,839,15.89,31.01,23.63,7.38,36.54,1.44,42995,26.6,1974,4.11,"66.34","30.35","3.32",529,496,365,718,127,802,772,21.0,44.7,68.0,50.8
"Philadelphia",1579075,66.45,33.28,0.27,46.97,34.4,17.31,45927,1042,12.34,34.48,40.83,14.68,7.19,58.49,24.88,8.53,2.12,5.98,685956,34,4540.4,1972.4,2.82,0.00,0.00,1.09,1.67,0.43,1.28,3.93,2.81,4.05,8.73,1.47,14.92,2.50,6.35,12.88,12.47,2.26,8.41,4.00,10.76,68.35,7.47,5.13,15.19,9985,57529,0.21,6673,3.87,325398,2.57,56479,10.95,88.84,67.05,35,77.58,80254,1686,13.51,25.22,21.85,2.89,38.54,11.50,37744,25.9,1955,2.97,"75.69","23.47","0.83",500,214,200,369,74,533,735,39.8,57.0,78.5,62.2
"Phoenix",1633017,65.23,31.50,3.26,45.57,33.8,18.27,57459,1053,8.92,42.55,6.73,42.62,3.66,87.21,2.98,1.57,0.63,7.61,621230,26,1218.0,463.3,4.44,0.01,0.87,3.57,2.62,2.66,2.56,1.10,1.37,2.54,9.46,3.52,9.24,0.83,7.91,0.64,11.19,3.28,6.82,3.71,26.11,55.46,7.22,29.77,3.87,1554,17412,0.25,904,3.68,175486,2.49,15663,36.80,62.95,67.76,34,46.00,43139,1023,21.86,70.66,4.08,2.55,10.35,12.35,9109,19.2,1975,3.47,"50.29","48.11","1.60",364,234,195,246,46,546,668,63.3,77.8,96.6,82.9
"Pittsburgh",302205,58.82,40.81,0.37,52.83,32.9,23.23,48711,958,12.24,64.66,22.77,3.19,5.79,63.32,17.64,10.74,1.79,6.52,157311,24,2107.1,1096.8,3.58,0.01,0.34,0.83,2.12,1.52,1.96,1.65,1.42,2.57,21.12,1.16,12.57,4.83,4.00,12.95,10.52,4.24,7.18,2.26,6.75,47.25,40.04,3.76,4.71,2699,20548,0.67,1173,4.23,166649,2.51,21893,32.81,66.51,76.87,28,38.26,42664,953,14.08,41.69,17.26,1.59,32.06,7.40,9511,18.7,1958,3.95,"59.43","39.03","1.54",500,214,200,369,74,533,735,35.0,55.1,73.6,57.2
"Portland",645291,58.92,39.67,1.42,46.62,37.1,30.09,71005,1248,6.49,70.56,5.63,9.72,8.10,65.61,12.95,5.80,5.99,9.65,287372,27,1867.4,831.6,5.99,0.25,0.00,0.70,4.17,2.33,3.10,5.57,0.70,5.97,10.00,2.17,21.59,5.65,6.00,2.45,5.62,2.18,11.20,3.06,7.32,55.41,15.25,15.44,2.90,1610,140117,0.00,597,11.00,90175,2.60,1036,0.00,100.00,89.32,44,19.11,20593,631,0.00,3.66,38.62,0.00,45.93,11.79,384,,1948,1.40,"68.76","28.09","3.15",427,400,410,471,89,538,792,43.5,53.1,70.6,57.8
"Quebec",531902,39.99,59.49,0.53,46.59,43.2,25.75,46310,575,5.39,94.89,2.41,1.29,1.23,75.10,14.47,7.87,1.69,0.86,252040,26,1152.6,546.2,0.18,0.19,0.12,0.05,0.58,2.45,0.72,6.08,2.49,4.35,7.80,1.04,10.10,0.10,2.84,3.92,8.59,3.00,12.29,3.56,29.80,93.69,2.26,1.46,2.15,3888,6008,0.00,2378,0.44,60745,2.34,39314,4.05,95.80,70.89,46,41.19,35757,589,11.47,37.38,20.32,4.79,36.25,1.26,24045,24.8,1970,3.97,"47.84","34.79","17.37",394,487,471,718,219,779,808,16.3,38.6,64.1,47.3
"Raleigh",464485,59.71,38.80,1.49,48.49,33.6,32.38,67266,1121,9.43,53.11,28.23,11.15,4.58,86.25,1.99,1.55,0.38,9.83,202417,24,1229.3,535.7,2.91,0.00,0.00,0.71,3.66,2.16,3.13,1.86,1.03,6.07,3.56,1.03,17.02,2.85,8.90,2.90,2.10,0.60,6.82,2.52,33.08,36.32,52.29,7.19,1.81,2265,11387,0.39,1048,2.38,52918,2.28,10525,36.84,62.77,74.51,31,43.16,51281,1036,15.29,69.79,5.85,1.79,9.89,12.69,4872,24.3,1983,3.90,"62.25","35.80","1.95",422,374,69,422,155,688,657,48.0,63.7,81.3,66.0
"Sacramento",500930,66.93,31.45,1.62,51.53,34.5,21.20,62335,1263,5.76,32.43,12.74,28.86,18.59,84.86,3.33,2.80,1.88,7.13,196652,26,1979.0,776.9,7.37,0.02,0.01,1.09,2.31,2.44,1.37,1.50,1.07,1.15,1.57,1.05,7.91,0.85,2.62,0.67,3.01,3.57,6.61,4.24,56.93,50.29,15.06,20.36,8.31,3292,28382,0.12,2071,5.98,102654,1.79,11908,9.65,90.23,92.80,34,40.13,33938,917,10.45,59.88,5.47,7.25,22.72,4.68,7492,22.0,1974,2.80,"61.37","36.11","2.52",504,455,478,491,156,768,836,52.7,63.7,81.5,70.7
"Salt Lake City",197756,49.67,49.11,1.22,51.91,32.3,25.74,60676,985,7.93,64.78,2.41,21.83,5.30,78.29,7.34,5.15,2.46,6.77,86092,20,689.7,300.3,5.68,0.00,0.04,0.40,3.48,3.61,2.98,8.89,2.03,4.80,10.51,1.95,14.34,6.55,6.92,3.57,4.77,3.21,12.30,3.20,6.46,65.62,6.02,14.79,6.73,2065,10648,0.00,1313,6.84,89744,2.68,17401,16.41,83.59,78.83,34,43.91,41687,867,12.18,65.64,11.11,4.98,12.55,5.72,11068,19.9,1972,3.21,"53.57","42.53","3.90",333,78,132,300,0,421,663,32.6,48.9,74.8,55.3
"San Antonio",1508083,64.75,33.67,1.58,46.09,33.6,16.57,52455,992,8.58,24.68,6.44,64.23,2.72,89.93,2.92,1.74,0.19,5.22,548473,25,1200.3,436.5,1.93,0.02,0.03,4.37,1.65,1.11,1.07,2.49,0.88,3.46,3.68,1.52,6.54,5.10,6.35,16.37,16.58,1.21,16.00,2.63,8.93,45.04,2.85,48.30,0.49,467,25062,0.00,530,3.33,77350,2.50,1441,7.46,92.54,84.47,53,48.02,36094,741,34.62,70.19,3.52,0.00,20.88,5.41,1635,,1951,2.70,"55.17","43.29","1.54",482,340,353,408,62,728,679,60.1,75.6,88.7,75.5
"San Diego",1409573,54.71,44.16,1.13,53.18,34.9,27.01,79673,1695,7.11,42.76,6.05,30.33,16.42,83.29,3.96,3.08,0.84,8.82,546431,24,1670.1,647.4,4.44,0.02,0.00,0.37,1.82,7.58,1.30,2.54,5.65,1.81,3.75,2.65,15.66,0.80,4.91,3.02,4.46,5.32,22.17,4.91,11.27,58.77,8.94,20.20,8.10,3373,9420,0.19,2329,3.99,114950,2.50,41159,4.08,95.74,74.63,39,53.31,71925,1700,14.30,66.01,5.94,1.64,13.96,12.45,28420,24.1,2001,2.80,"60.23","37.47","2.31",504,455,478,491,156,768,836,62.4,63.3,72.9,71.1
"San Francisco",874961,31.20,68.61,0.19,62.40,38.2,34.76,112449,1895,8.91,40.51,5.00,15.24,34.07,39.03,34.77,11.77,3.96,10.48,397812,34,7202.6,3274.8,5.18,0.02,0.00,2.53,1.80,1.30,1.85,4.05,3.25,9.33,12.19,2.48,30.54,5.73,8.42,1.94,2.37,1.20,7.48,2.37,1.16,41.58,1.93,7.11,43.60,7353,153261,0.00,4821,5.78,311736,2.39,14956,2.52,97.48,64.49,38,79.10,186852,2685,19.26,18.55,23.60,1.97,44.99,10.89,9807,30.4,1995,3.09,"85.27","12.72","2.00",504,455,478,491,156,768,836,55.3,59.3,67.2,65.9
"San Jose",1027690,63.23,33.31,3.46,43.22,36.7,25.67,109593,2107,3.96,25.73,2.83,31.61,35.70,87.45,4.47,1.80,0.78,5.50,338509,31,2231.6,735.1,4.13,0.03,0.00,0.02,1.14,1.31,0.87,0.97,0.01,18.65,5.29,2.62,29.18,0.00,15.14,1.91,2.03,1.93,13.85,1.30,3.74,45.85,9.07,15.28,28.00,2393,36817,1.63,1601,1.80,32421,2.09,2107,0.00,98.37,86.40,36,70.66,135875,2709,7.16,57.34,20.26,0.38,10.73,11.29,1410,32.6,2006,2.90,"72.66","25.23","2.11",504,455,478,491,156,768,836,55.2,60.6,75.3,68.4
"Seattle",724305,46.43,53.27,0.30,54.28,35.3,36.66,92263,1614,6.39,63.84,7.17,6.66,15.32,53.68,22.57,11.28,3.53,8.94,354475,28,3334.7,1632.0,7.00,0.06,0.03,1.06,2.23,1.88,2.42,5.07,3.29,8.51,5.14,2.76,18.40,5.52,4.93,2.18,13.86,2.42,9.05,4.43,6.77,55.16,7.95,6.34,23.29,8349,82801,0.08,6074,7.26,279569,2.63,28191,2.45,97.47,84.39,39,52.64,66976,1497,14.12,23.14,25.86,1.17,42.46,7.37,20509,23.1,1977,2.42,"74.95","22.24","2.81",433,350,482,476,70,545,752,42.8,53.0,68.6,56.0
"St Louis",308174,46.05,53.60,0.35,56.34,35.8,19.74,43896,828,19.68,43.64,46.23,4.02,3.34,80.50,8.78,4.69,0.78,5.24,176729,24,1927.1,1105.1,2.77,0.71,0.00,1.14,0.65,1.48,1.80,0.81,1.40,8.14,11.86,1.13,21.64,3.34,8.48,2.64,3.52,5.68,12.06,2.61,10.91,37.66,52.32,1.61,6.42,3809,54733,0.00,2779,1.99,53530,2.48,3725,5.00,95.00,80.00,32,60.82,65129,1050,13.17,75.31,6.84,0.00,13.49,4.35,2718,20.1,1980,3.10,"65.38","32.96","1.66",308,70,345,395,239,421,656,82.3,85.5,86.4,88.8
"Tampa",387916,59.00,39.83,1.17,51.44,35.7,23.32,53833,1131,10.84,44.57,22.04,26.36,4.24,85.98,2.23,2.37,1.01,8.41,170820,25,1313.6,578.5,2.80,0.01,0.07,1.18,0.88,1.32,0.83,1.40,1.00,2.12,3.64,1.25,12.10,3.03,5.41,31.40,9.66,2.61,5.33,2.30,14.45,56.82,17.48,19.62,3.57,2361,15418,0.16,1510,2.51,101799,2.29,15586,22.08,77.76,62.23,37,54.10,72824,1597,14.20,80.37,1.24,1.17,5.12,12.09,9967,22.2,2002,3.80,"52.86","45.98","1.17",284,224,193,337,368,421,739,67.3,76.0,86.0,78.6
"Toronto",2731571,36.43,63.57,0.01,47.25,40.6,36.40,50910,929,5.61,52.09,8.91,2.87,27.31,50.55,37.01,8.61,2.75,1.09,1112930,36,4305.5,1754.2,8.82,0.02,0.28,0.79,1.19,1.02,1.24,5.61,1.01,6.41,22.27,2.42,17.62,0.51,3.44,6.59,9.37,2.11,7.69,3.21,7.23,58.65,6.05,2.17,27.54,9309,18197,0.00,5255,5.59,527365,2.45,269794,6.45,93.53,64.14,39,57.31,51332,1118,10.98,22.00,33.81,6.01,36.82,1.36,152285,30.3,1989,3.57,"70.86","26.02","3.12",529,496,365,718,127,802,772,29.9,47.2,71.4,55.8
"Tucson",541482,61.74,31.68,6.58,49.40,33.7,16.55,43425,846,11.20,43.88,4.77,43.61,3.11,85.07,3.40,3.14,2.37,6.02,239287,23,878.4,388.2,4.63,0.01,0.15,3.67,2.12,2.10,1.43,1.88,1.07,0.84,0.37,2.81,3.81,0.94,1.94,24.58,10.05,2.29,6.02,1.99,31.94,48.95,3.92,39.38,2.01,1397,9474,0.12,855,5.75,35487,2.16,5234,45.16,54.72,75.99,34,46.65,43527,854,14.93,67.75,8.31,9.04,9.41,5.49,3202,20.0,1954,3.60,"58.57","39.90","1.54",364,234,195,246,46,546,668,57.4,71.2,87.8,74.8
"Tulsa",402324,65.37,33.11,1.51,49.27,35.1,20.70,47650,829,12.61,53.95,15.04,16.55,3.35,90.85,0.92,1.83,0.30,6.10,187655,19,786.6,366.9,11.12,0.06,6.66,8.50,2.86,2.09,2.43,1.77,2.62,5.86,9.15,1.71,15.71,1.13,4.61,0.71,9.09,1.92,7.54,3.11,12.46,66.22,13.16,7.54,2.70,1498,11028,0.52,986,10.37,38746,2.66,5264,15.47,84.01,77.85,39,35.56,61373,1113,25.46,78.32,0.96,1.44,9.64,9.64,3464,,1967,3.52,"38.89","58.51","2.61",476,55,237,108,38,603,685,46.1,63.4,84.6,67.4
"Vancouver",631486,19.82,80.16,0.01,53.10,41.6,39.96,50522,933,8.24,50.27,1.03,1.77,39.00,49.03,29.71,13.69,6.14,1.44,283915,31,5427.5,2440.2,7.93,0.21,0.97,0.76,2.25,2.11,2.36,8.49,2.57,7.35,9.55,3.44,21.27,0.58,4.10,3.10,6.59,2.31,12.10,3.64,6.32,67.75,1.21,2.99,24.26,9483,14330,0.01,5609,3.78,191110,2.60,126465,2.45,97.54,67.54,42,49.13,47308,1106,9.81,30.92,24.34,5.49,37.54,1.71,74810,28.4,1987,3.27,"72.19","21.85","5.96",184,355,445,689,12,667,673,40.7,50.5,64.3,52.9
"Washington DC",692683,36.04,63.82,0.14,58.38,34,24.77,86420,1541,9.77,36.58,45.44,11.00,3.93,38.73,34.70,13.37,4.47,8.74,315176,31,4374.6,1990.5,3.05,0.00,0.00,0.07,1.21,0.43,0.59,1.79,0.11,3.56,3.29,2.10,23.95,0.42,8.36,3.57,3.88,1.27,9.05,12.55,23.79,59.66,14.44,12.90,8.74,7231,115824,0.00,4702,4.25,329562,2.20,20576,4.52,95.48,73.58,32,80.84,88494,1876,9.58,14.76,27.15,3.50,46.72,7.87,13378,22.2,1966,2.55,"93.67","4.14","2.20",272,401,402,434,58,422,737,42.2,60.2,79.6,63.4
"Wichita",389877,71.36,25.78,2.86,41.23,35,19.06,52620,809,10.89,62.76,10.62,17.20,5.00,92.97,0.72,1.52,0.34,4.46,172020,19,931.2,410.8,4.42,0.00,0.37,0.25,4.93,4.93,2.09,2.37,0.89,0.84,3.72,0.85,7.34,3.80,8.85,17.74,13.02,3.99,5.12,2.87,16.02,83.78,7.60,7.20,0.80,684,18912,0.00,547,0.63,48437,2.53,1751,2.07,97.93,88.06,33,48.37,36791,872,21.70,84.77,0.00,0.00,11.88,3.36,1401,,1956,2.50,"42.53","55.09","2.38",385,118,178,389,35,627,669,42.1,61.2,84.5,65.6
"Winnipeg",705244,66.87,32.91,0.22,35.10,39.9,26.07,52900,707,4.49,73.04,3.90,0.97,10.21,77.36,14.92,4.87,1.81,1.03,281045,28,1486.0,592.2,11.88,0.49,0.05,2.06,1.38,2.23,1.64,3.97,2.34,3.29,11.25,1.56,9.46,0.17,4.09,5.18,21.86,2.07,6.44,3.84,16.62,65.48,10.86,1.41,9.76,4008,6622,0.00,2015,12.49,93675,2.49,56690,15.93,83.76,78.67,38,27.86,31520,586,11.60,46.65,27.17,4.33,20.83,1.02,28505,26.7,1968,3.92,"67.13","29.99","2.88",654,325,501,672,253,654,715,10.5,44.2,69.6,48.6
