"SNAPSHOT_EVENT_DATE","UNIQUE_CANADIAN_DEVICES","TOTAL_CANADIAN_DEVICES"
20260101,27539099,36662595
20260102,27542287,36724194
20260103,27547361,36758423
20260104,27581054,36804012
20260105,27437906,36601230
20260106,27329941,36477270
20260107,27354169,36531474
20260108,27233876,36399676
20260109,27065483,36199071
20260128,25619464,34925047
20260129,25646150,34986696
20260130,25685419,35061956
20260131,25702409,35111166
20260201,25710460,35144919
20260202,25664193,35115504
20260203,25630194,35099596
20260204,25572873,35036991
20260205,25453563,34858633
20250309,23513762,36415532
20250310,23523253,36439778
20250311,23555795,36512453
20250312,23555053,36530639
20250313,23573399,36572535
20250314,23595185,36616889
20250315,23622130,36660757
20250316,23620374,36649820
20250317,23640658,36681851
20250318,23642882,36686024
20250319,23674293,36734744
20250320,23658767,36704431
20250321,23656033,36704763
20250322,23650602,36679845
20250323,23622627,36619640
20250324,23598860,36573708
20250325,23571516,36522092
20250326,23511782,36411604
20250327,15984747,22818070
20250328,16113787,23022336
20250329,16236348,23215534
20250330,16370488,23424363
20250331,16497877,23624454
20250215,23119336,35594961
20250216,23197439,35718032
20250217,23257703,35821453
20250218,23309143,35915941
20250219,23338047,35965957
20250220,23381308,36040993
20250221,23442004,36146702
20250222,23463063,36185376
20250223,23475804,36214743
20250224,23481014,36230279
20250225,23511030,36295382
20250226,23498074,36292764
20250227,23493843,36297686
20250228,23506170,36333253
20250301,23511295,36345446
20250302,23522428,36367555
20250303,23503186,36343248
20250304,23456800,36279059
20250305,23460219,36293689
20250306,23436245,36268413
20250307,23450335,36297693
20250308,23499983,36386205
20250101,21505921,32154390
20250102,21578610,32272879
20250103,21581507,32281213
20250104,21668485,32437095
20250105,21751860,32585284
20250106,21796669,32672397
20250107,21741682,32589054
20250108,21793645,32692738
20250109,21808397,32736177
20250110,21828488,32786517
20250111,21875613,32880200
20250112,21935888,32995017
20250113,21994380,33110184
20250114,22041334,33221237
20250115,22112849,33374534
20250116,22168551,33499257
20250117,22208281,33595143
20250118,22262381,33702661
20250119,22320249,33813295
20250120,22381472,33937017
20250121,22427057,34039441
20250122,22462447,34131667
20250516,23575782,34773907
20250517,23582551,34796834
20250518,23679949,34932345
20250519,23759587,35045442
20250520,23800624,35107690
20250521,23890413,35239488
20250522,24015437,35413081
20250523,24202520,35682939
20250524,24378465,35919557
20250525,24522341,36110835
20250526,24651099,36276028
20250527,24702217,36331015
20250528,24809330,36458963
20250529,25034085,36754494
20250530,25152453,36892894
20250531,25294306,37068272
20250601,25436814,37234641
20250602,25585994,37409727
20250603,25682940,37493925
20250604,25806023,37609595
20250605,25972407,37769323
20250606,26094425,37860271
20250607,26220984,37926523
20250123,22469562,34173456
20250124,22474179,34214772
20250125,22485107,34260701
20250126,22494182,34293844
20250127,22496288,34320441
20250128,22513095,34371203
20250129,22509976,34380807
20250130,22509948,34387838
20250131,22537217,34442374
20250201,22550925,34475646
20250202,22559061,34500304
20250203,22568057,34524379
20250204,22615860,34623178
20250205,22642214,34682901
20250206,22669834,34740368
20250207,22696518,34794574
20250208,22729852,34858681
20250209,22737283,34885993
20250210,22758079,34933035
20250211,22816560,35047895
20250212,22887312,35176096
20250213,22968429,35322019
20250214,23035384,35450670
20250608,26414991,38106891
20250609,26536345,38196568
20250610,26615247,38222284
20250611,26761470,38351402
20250612,26913745,38510471
20250613,27035017,38629415
20250614,27195053,38775291
20250615,27383738,38952988
20250616,27526408,39090453
20250617,27637849,39183265
20250618,27640543,39010064
20250619,27940957,39417981
20250620,28200018,39760249
20250621,28474616,40093446
20250622,28762187,40442073
20250623,29010823,40733518
20250624,29232443,40999410
20250625,29506849,41338410
20250626,29653447,41409479
20250627,29908918,41758500
20250628,30171299,42096269
20250629,30446454,42453105
20250630,30679279,42755194
20250424,19805728,28754521
20250425,20067928,29130014
20250426,20354228,29537349
20250427,20664697,29982744
20250428,20941332,30390471
20250429,21202393,30814987
20250430,21455661,31234839
20250501,21710189,31641979
20250502,21968499,32034308
20250503,22240999,32462553
20250504,22356151,32636313
20250505,22507328,32869198
20250506,22680620,33174534
20250507,22860284,33485264
20250508,23030456,33755570
20250509,23201473,34037116
20250510,23356633,34286990
20250511,23378613,34348682
20250512,23346220,34344042
20250513,23447459,34512829
20250514,23436264,34542216
20250515,23531620,34691173
20250401,16612421,23813164
20250402,16777004,24077989
20250403,17200380,24594840
20250404,17386253,24923730
20250405,17517011,25148592
20250406,17642307,25357856
20250407,17762086,25557939
20250408,17873556,25753785
20250409,17987475,25944022
20250410,18099471,26132071
20250411,18201443,26302464
20250412,18310091,26480612
20250413,18408914,26642018
20250414,18509768,26802506
20250415,18618414,26980035
20250416,18729329,27158213
20250417,18840085,27332398
20250418,18957095,27513432
20250419,19070577,27687244
20250420,19184407,27858117
20250421,19293291,28018088
20250422,19391696,28162313
20250423,19572334,28417400
20260224,24782442,34358272
20260225,24763846,34358867
20260226,24758197,34374677
20260227,24721782,34337803
20260228,24735673,34361889
20260301,24805639,34460471
20260302,24739309,34371144
20260303,24750796,34401400
20260304,24805855,34469851
20240401,26648492,40754041
20240402,26667618,40776108
20240403,26697771,40813073
20240404,26701944,40820038
20240405,26697030,40808691
20240406,26681801,40772477
20240407,26694732,40780893
20240408,26682212,40750703
20240409,26676112,40738336
20240410,26672759,40724245
20240411,26617260,40623436
20240412,26490748,40408890
20240413,26407765,40261364
20240414,26377270,40198822
20240415,26359546,40159668
20240416,26321828,40098547
20240417,26513715,40278515
20240418,26490524,40247474
20240419,26468978,40204639
20240420,26438040,40157146
20240421,26398167,40084563
20240422,26312069,39951500
20240215,23785306,36148086
20240216,23889173,36328634
20240217,23969375,36463468
20240218,24021942,36553611
20240219,24080987,36654881
20240220,24158312,36786109
20240221,24259519,36946963
20240222,24374833,37144960
20240223,24437879,37252824
20240224,24517556,37378778
20240225,24584922,37479826
20240226,24636486,37558120
20240227,24710972,37681158
20240228,24823705,37854477
20240229,24893478,37957888
20240301,24985130,38104077
20240302,25084540,38266833
20240303,25157433,38390739
20240304,25244938,38533343
20240305,25317651,38652662
20240306,25396555,38783978
20240307,25477468,38916120
20240308,25548858,39035714
20240608,23413861,34739007
20240609,23349342,34623256
20240610,23284111,34512999
20240611,23189726,34353817
20240612,23044539,34108708
20240613,22965587,33965115
20240614,22935923,33907414
20240615,22913407,33863329
20240616,22861410,33759076
20240617,22829779,33698406
20240618,22729462,33523217
20240619,22696345,33465909
20240620,22668544,33424621
20240621,22629007,33364425
20240622,22606859,33322447
20240623,22607779,33320147
20240624,22619674,33326789
20240625,22616468,33313868
20240626,22590422,33264995
20240627,22593249,33272711
20240628,22584532,33264029
20240629,22592220,33266037
20240630,22590586,33250797
20240123,21418941,32171550
20240124,21616087,32489467
20240125,21743820,32713542
20240126,21858663,32913755
20240127,21985218,33131704
20240128,22142338,33378660
20240129,22279337,33586757
20240130,22257788,33578354
20240131,22289079,33651997
20240201,22372852,33806734
20240202,22443248,33928316
20240203,22541508,34084606
20240204,22652336,34270846
20240205,22763389,34474041
20240206,22860317,34654144
20240207,22928675,34778841
20240208,23325108,35236667
20240209,23424935,35453889
20240210,23512614,35624942
20240211,23577421,35756856
20240212,23623709,35845423
20240213,23676004,35946158
20240214,23741589,36064500
20240309,25615947,39141706
20240310,25677145,39244760
20240311,25753529,39366879
20240312,25835268,39508066
20240313,25928065,39676628
20240314,26004280,39808891
20240315,26050990,39892503
20240316,26046122,39877028
20240317,26053818,39879898
20240318,26132277,40013638
20240319,26142497,40036593
20240320,26153728,40058223
20240321,26175819,40092605
20240322,26222765,40151063
20240323,26289792,40252042
20240324,26320268,40295388
20240325,26366503,40359767
20240326,26463468,40502324
20240327,26528266,40606481
20240328,26578078,40684798
20240329,26626677,40748442
20240330,26665219,40797722
20240331,26662618,40787077
20240516,24815725,37074994
20240517,24750003,36957995
20240518,24711450,36883028
20240519,24662744,36789062
20240520,24610381,36688136
20240521,24565477,36616386
20240522,24522778,36549205
20240523,24517315,36526970
20240524,24453891,36424253
20240525,24405040,36339617
20240526,24344834,36235519
20240527,24282175,36130421
20240528,24226876,36037323
20240529,24157642,35931458
20240530,24097662,35837155
20240531,24027404,35722633
20240601,23968794,35627841
20240602,23924654,35549016
20240603,23869641,35456008
20240604,23767449,35286941
20240605,23678799,35151162
20240606,23579469,34995757
20240607,23517862,34911524
20240423,26238159,39844878
20240424,26162995,39726822
20240425,26097301,39619860
20240426,25995558,39441953
20240427,25931928,39330737
20240428,25856500,39207335
20240429,25752472,39039513
20240430,25655944,38875724
20240501,25502517,38624200
20240502,25237951,38161070
20240503,25214857,38096629
20240504,25187909,38025568
20240505,25143072,37921717
20240506,25109124,37838688
20240507,25071164,37746514
20240508,25026852,37648107
20240509,24998277,37570075
20240510,24984967,37524749
20240511,24938229,37409682
20240512,24912773,37326742
20240513,24906850,37288318
20240514,24851747,37176909
20240515,24834094,37123977
20240101,19104724,28507705
20240102,19153882,28592988
20240103,19245627,28717356
20240104,19262047,28747250
20240105,19308751,28834205
20240106,19355160,28913761
20240107,19398253,28981983
20240108,19446605,29052458
20240109,19515631,29161181
20240110,19633670,29338143
20240111,19768725,29562118
20240112,19855287,29711256
20240113,19920193,29818099
20240114,20005739,29958270
20240115,20110520,30128550
20240116,20218743,30306178
20240117,20412731,30603032
20240118,20609222,30903886
20240119,20742416,31117952
20240120,20867249,31311473
20240121,21015280,31541819
20240122,21182376,31805533
20260119,25755970,34750378
20260120,25595371,34592007
20260121,25550982,34576111
20260122,25511460,34574561
20260123,25459368,34554084
20260124,25480423,34621083
20260125,25562192,34751978
20260126,25528076,34738940
20260127,25570323,34834241
20260305,24968950,34651276
20260306,25095070,34859513
20260307,25195480,35025800
20260308,25245322,35128297
20260309,25235447,35160959
20260310,25258418,35233272
20260311,25292663,35301726
20260312,25363790,35429528
20260313,25412838,35517600
20250816,37863251,53183750
20250817,37969213,53367251
20250818,38066490,53532160
20250819,38128843,53681597
20250820,38209479,53849274
20250821,38199782,53878077
20250822,38220292,53929615
20250823,38250546,53985296
20250824,38427504,54258509
20250825,38572396,54460204
20250826,38591663,54500226
20250827,38671386,54640570
20250828,38691537,54692112
20250829,38765536,54852018
20250830,38827204,54979565
20250831,38869765,55085584
20250901,38925421,55182543
20250902,39052033,55371604
20250903,39156453,55545871
20250904,39212557,55637367
20250905,39261250,55704258
20250906,39348193,55816422
20250907,39363338,55826252
20251209,28701546,38215899
20251210,28639531,38106102
20251211,28572645,37996307
20251212,28461062,37823436
20251213,28370847,37672705
20251214,28268614,37507090
20251215,28071465,37224281
20251216,27943815,37042652
20251217,27529238,36483468
20251218,27559774,36532534
20251219,27369708,36290491
20251220,27124846,35904690
20251221,27136724,35919498
20251222,27180098,35975452
20251223,27224680,36051860
20251224,27277000,36143299
20251225,27381814,36303720
20251226,27445447,36409961
20251227,27527368,36542410
20251228,27667574,36747617
20251229,27745746,36881840
20251230,27727966,36883527
20251231,27792645,36994715
20251024,31785936,44587181
20251025,31634686,44332416
20251026,31556513,44174254
20251027,31460001,43992853
20251028,31299537,43741537
20251029,31081684,43382405
20251030,30956116,43156643
20251031,30859136,42981349
20251101,30746296,42789794
20251102,30728248,42716837
20251103,30631199,42548592
20251104,30566351,42428357
20251105,30512086,42322915
20251106,30509752,42297790
20251107,30535906,42304855
20251108,30587235,42347392
20251109,30666453,42427067
20251110,30695836,42451868
20251111,30699036,42447381
20251112,30709667,42448613
20251113,30729282,42456848
20251114,30747531,42465705
20251115,30828662,42560346
20250908,39324808,55752039
20250909,39396869,55844354
20250910,39471473,55939524
20250911,39508333,56023826
20250912,39481971,56011733
20250913,39441644,55955684
20250914,39305775,55740328
20250915,39206971,55603180
20250916,39077283,55428237
20250917,38947711,55237659
20250918,38900789,55174186
20250919,38804690,55041815
20250920,38696782,54882635
20250921,38639596,54789513
20250922,38520437,54623474
20250923,38439309,54512419
20250924,38325681,54350945
20250925,38235155,54209969
20250926,38098439,54011170
20250927,37885879,53703341
20250928,37633732,53330112
20250929,37456450,53065907
20250930,37217275,52729541
20251116,30859752,42592474
20251117,30689145,42338746
20251118,30464235,41993626
20251119,30384841,41832259
20251120,30327806,41706000
20251121,30196795,41456663
20251122,30074912,41213455
20251123,29981863,41014079
20251124,29858568,40783794
20251125,29652991,40440626
20251126,29495507,40173708
20251127,29354205,39929224
20251128,29201909,39670833
20251129,29101697,39447287
20251130,29053993,39295091
20251201,28905594,39024717
20251202,28819798,38863451
20251203,28694030,38631764
20251204,28600414,38432689
20251205,28621453,38373096
20251206,28761656,38446066
20251207,28868422,38538512
20251208,28771615,38349201
20250701,30916814,43078143
20250702,31164222,43408065
20250703,31419168,43743760
20250704,31638885,44039830
20250705,31882809,44362224
20250706,32094559,44627993
20250707,32343804,44955038
20250708,32645775,45379619
20250709,32905227,45744842
20250710,33188029,46140518
20250711,33447267,46490642
20250712,33707772,46833568
20250713,34002905,47222274
20250714,34305867,47624064
20250715,34550501,47939402
20250716,34885298,48396804
20250717,35140604,48752824
20250718,35312418,49004548
20250719,35438225,49205032
20250720,35544966,49377868
20250721,35620201,49508158
20250722,35669558,49626184
20250723,35764688,49775628
20251001,36971538,52386856
20251002,36740138,52048451
20251003,36395414,51531481
20251004,36119592,51127675
20251005,35878166,50767324
20251006,35623218,50398088
20251007,35329609,49975528
20251008,35039877,49551616
20251009,34754173,49145932
20251010,34489732,48766862
20251011,34232982,48396855
20251012,34005205,48049958
20251013,33735691,47644041
20251014,33496201,47283980
20251015,33244060,46898729
20251016,33019290,46538396
20251017,32826663,46237608
20251018,32709675,46030356
20251019,32557131,45790593
20251020,32366431,45508407
20251021,32249994,45317201
20251022,32093920,45078896
20251023,31950562,44847897
20250724,35772567,49814806
20250725,35735758,49793877
20250726,35793345,49898711
20250727,35722272,49821921
20250728,35879200,50050229
20250729,36066445,50332425
20250730,36041163,50311150
20250731,35907375,50110202
20250801,35845365,50038838
20250802,35701386,49828331
20250803,35438064,49439966
20250804,35643587,49733398
20250805,35947519,50195234
20250806,36177971,50532225
20250807,36302318,50722881
20250808,36482770,50992651
20250809,36738237,51373974
20250810,37011520,51777264
20250811,37194067,52062106
20250812,37318836,52279165
20250813,37474060,52529107
20250814,37566426,52703906
20250815,37734599,52974487
20260110,27013362,36163307
20260111,26926343,36075542
20260112,26667531,35749212
20260113,26640702,35738923
20260114,26381727,35423485
20260115,26199866,35199313
20260116,26120911,35128328
20260117,26017785,35030410
20260118,25908171,34918815
20260206,25448998,34874296
20260207,25452251,34889081
20260208,25425124,34877899
20260209,25357824,34812480
20260210,25353821,34840597
20260211,25341760,34846314
20260212,25310263,34830316
20260213,25251165,34773782
20260214,25173529,34679175
20241001,26037529,39286834
20241002,25989516,39214718
20241003,25937395,39131635
20241004,25863965,39015958
20241005,25780084,38874112
20241006,25717684,38766684
20241007,25645341,38654733
20241008,25543499,38498396
20241009,25444567,38332558
20241010,25368679,38197234
20241011,25322825,38120873
20241012,25257437,38025131
20241013,25186094,37918041
20241014,25127841,37830096
20241015,25003137,37644020
20241016,24979754,37618386
20241017,24911769,37522278
20241018,24769589,37291784
20241019,24723690,37218026
20241020,24630925,37071812
20241021,24527635,36914781
20241022,24424435,36760849
20241023,24310830,36588529
20241116,23005520,34471874
20241117,22933762,34346114
20241118,22835042,34191267
20241119,22722861,34025649
20241120,22613321,33861891
20241121,22555322,33767426
20241122,22472284,33643496
20241123,22397885,33527517
20241124,22330595,33414818
20241125,22255429,33297650
20241126,22132810,33111510
20241127,22004039,32914768
20241128,21886673,32722084
20241129,21791336,32567264
20241130,21714810,32426138
20241201,21632175,32281595
20241202,21555360,32156766
20241203,21512633,32084631
20241204,21454759,31994698
20241205,21445665,31981969
20241206,21439474,31970363
20241207,21401886,31897057
20241208,21393161,31867422
20241024,24201744,36433807
20241025,24184389,36404622
20241026,24156764,36350482
20241027,24118215,36277024
20241028,24055856,36172226
20241029,24023142,36115344
20241030,23978147,36035882
20241031,23934427,35956717
20241101,23882159,35869901
20241102,23808999,35738405
20241103,23797221,35702279
20241104,23773884,35658705
20241105,23701619,35549852
20241106,23627967,35437648
20241107,23544728,35310135
20241108,23442257,35152960
20241109,23380105,35051643
20241110,23320040,34953955
20241111,23270631,34871494
20241112,23226231,34817434
20241113,23168528,34736648
20241114,23126526,34678611
20241115,23052872,34562691
20240724,24070462,35532932
20240725,24147168,35671789
20240726,24193639,35754442
20240727,24279941,35892281
20240728,24368542,36031603
20240729,24433850,36138918
20240730,24480549,36217099
20240731,24511492,36276114
20240801,24507529,36282362
20240802,24524352,36329890
20240803,24558312,36398420
20240804,24596438,36472145
20240805,24582100,36460349
20240806,24585107,36478219
20240807,24626025,36555586
20240808,24646993,36596670
20240809,24704086,36700200
20240810,24725769,36744756
20240811,24753276,36800277
20240812,24826293,36928467
20240813,24925425,37101892
20240814,25007699,37249057
20240815,25063335,37351257
20240908,26160671,39329497
20240909,26185588,39382988
20240910,26198913,39424526
20240911,26200219,39436304
20240912,26182364,39418673
20240913,26179099,39430935
20240914,26187152,39449048
20240915,26141608,39372637
20240916,26108741,39315290
20240917,26103971,39314532
20240918,26110003,39345366
20240919,26108833,39356134
20240920,26115191,39372213
20240921,26150491,39425905
20240922,26164010,39448098
20240923,26169101,39460025
20240924,26140898,39419888
20240925,26137922,39415122
20240926,26142526,39433123
20240927,26137165,39435379
20240928,26124151,39414382
20240929,26121668,39410855
20240930,26085552,39356955
20240816,25098665,37425120
20240817,25154259,37520713
20240818,25194877,37590536
20240819,25211645,37621965
20240820,25234021,37669981
20240821,25255140,37710895
20240822,25305238,37802072
20240823,25359047,37903097
20240824,25413517,38000857
20240825,25468102,38090709
20240826,25527123,38189196
20240827,25576288,38274986
20240828,25622055,38360110
20240829,25673087,38450516
20240830,25705417,38510939
20240831,25757430,38594207
20240901,25806565,38680111
20240902,25878797,38802539
20240903,25981997,38980100
20240904,26049266,39103470
20240905,26109107,39216124
20240906,26134143,39273487
20240907,26157854,39318853
20241209,21388504,31852741
20241210,21340987,31773387
20241211,21318623,31724476
20241212,21318636,31722030
20241213,21288561,31685632
20241214,21253998,31621178
20241215,21243046,31600507
20241216,21222483,31566271
20241217,21198912,31526246
20241218,21257340,31604527
20241219,21287093,31677294
20241220,21262184,31656209
20241221,21214459,31590562
20241222,21217590,31592212
20241223,21210529,31582728
20241224,21197726,31569300
20241225,21244870,31650271
20241226,21259115,31688909
20241227,21274986,31740107
20241228,21309455,31808791
20241229,21336317,31856593
20241230,21372419,31920643
20241231,21416041,32005234
20240701,22569722,33209941
20240702,22549632,33185805
20240703,22555699,33194028
20240704,22575157,33227978
20240705,22611881,33289896
20240706,22743705,33504038
20240707,22859028,33690683
20240708,22934643,33801577
20240709,22950133,33822175
20240710,22937024,33765136
20240711,23042229,33924124
20240712,23110948,34032218
20240713,23183226,34146985
20240714,23248393,34236092
20240715,23320698,34344277
20240716,23411807,34488530
20240717,23492584,34613723
20240718,23588718,34763753
20240719,23697868,34932835
20240720,23777188,35054604
20240721,23853687,35171336
20240722,23937119,35302577
20240723,24006643,35417808
20260215,25118822,34610268
20260216,25046230,34529027
20260217,24906018,34356495
20260218,24916919,34405442
20260219,24896445,34411277
20260220,24859084,34392198
20260221,24835708,34380769
20260222,24812982,34368997
20260223,24785026,34346758
